protein1,protein2,string_id1,string_id2,score
APPL1,ADIPOR1,9606.ENSP00000288266,9606.ENSP00000341785,0.999
APPL1,ADIPOR2,9606.ENSP00000288266,9606.ENSP00000349616,0.999
APPL1,RAB5A,9606.ENSP00000288266,9606.ENSP00000273047,0.999
APPL1,AKT1,9606.ENSP00000288266,9606.ENSP00000451828,0.993
APPL1,APPL2,9606.ENSP00000288266,9606.ENSP00000446917,0.989
APPL1,IGF1R,9606.ENSP00000288266,9606.ENSP00000497069,0.982
APPL1,GIPC1,9606.ENSP00000288266,9606.ENSP00000376753,0.977
APPL1,SRC,9606.ENSP00000288266,9606.ENSP00000362680,0.974
APPL1,OCRL,9606.ENSP00000288266,9606.ENSP00000360154,0.973
APPL1,AKT2,9606.ENSP00000288266,9606.ENSP00000375892,0.949
APPL1,DCC,9606.ENSP00000288266,9606.ENSP00000389140,0.938
APPL1,CASP3,9606.ENSP00000288266,9606.ENSP00000311032,0.923
APPL1,NTRK1,9606.ENSP00000288266,9606.ENSP00000431418,0.908
APPL1,ADIPOQ,9606.ENSP00000288266,9606.ENSP00000389814,0.893
APPL1,EEA1,9606.ENSP00000288266,9606.ENSP00000317955,0.829
APPL1,CASP9,9606.ENSP00000288266,9606.ENSP00000330237,0.825
APPL1,APP,9606.ENSP00000288266,9606.ENSP00000284981,0.807
APPL1,FSHR,9606.ENSP00000288266,9606.ENSP00000384708,0.799
APPL1,EGF,9606.ENSP00000288266,9606.ENSP00000265171,0.766
APPL1,PIK3CA,9606.ENSP00000288266,9606.ENSP00000263967,0.735
APPL1,HDAC1,9606.ENSP00000288266,9606.ENSP00000362649,0.721
APPL1,HDAC3,9606.ENSP00000288266,9606.ENSP00000302967,0.715
APPL1,CCZ1,9606.ENSP00000288266,9606.ENSP00000325681,0.71
APPL1,RBSN,9606.ENSP00000288266,9606.ENSP00000253699,0.707
NEUROG3,PAX4,9606.ENSP00000242462,9606.ENSP00000368014,0.98
NEUROG3,HES1,9606.ENSP00000242462,9606.ENSP00000232424,0.971
NEUROG3,ONECUT1,9606.ENSP00000242462,9606.ENSP00000302630,0.967
NEUROG3,INSM1,9606.ENSP00000242462,9606.ENSP00000312631,0.955
NEUROG3,NKX2-2,9606.ENSP00000242462,9606.ENSP00000366347,0.953
NEUROG3,RFX6,9606.ENSP00000242462,9606.ENSP00000332208,0.899
NEUROG3,ISL1,9606.ENSP00000242462,9606.ENSP00000230658,0.896
NEUROG3,GCG,9606.ENSP00000242462,9606.ENSP00000387662,0.885
NEUROG3,NKX6-1,9606.ENSP00000242462,9606.ENSP00000295886,0.885
NEUROG3,NEUROD1,9606.ENSP00000242462,9606.ENSP00000295108,0.882
NEUROG3,NKX6-2,9606.ENSP00000242462,9606.ENSP00000357581,0.876
NEUROG3,PDX1,9606.ENSP00000242462,9606.ENSP00000370421,0.876
NEUROG3,INS,9606.ENSP00000242462,9606.ENSP00000380432,0.86
NEUROG3,SLC2A2,9606.ENSP00000242462,9606.ENSP00000323568,0.854
NEUROG3,SST,9606.ENSP00000242462,9606.ENSP00000287641,0.841
NEUROG3,PPY,9606.ENSP00000242462,9606.ENSP00000466009,0.834
NEUROG3,FOXA2,9606.ENSP00000242462,9606.ENSP00000400341,0.795
NEUROG3,MAFA,9606.ENSP00000242462,9606.ENSP00000328364,0.785
NEUROG3,PAX6,9606.ENSP00000242462,9606.ENSP00000492024,0.754
NEUROG3,GLIS3,9606.ENSP00000242462,9606.ENSP00000371398,0.751
NEUROG3,TCF4,9606.ENSP00000242462,9606.ENSP00000381382,0.744
NEUROG3,GAST,9606.ENSP00000242462,9606.ENSP00000331358,0.734
NEUROG3,HNF1A,9606.ENSP00000242462,9606.ENSP00000438804,0.732
NEUROG3,POU5F1,9606.ENSP00000242462,9606.ENSP00000259915,0.728
NEUROG3,HNF1B,9606.ENSP00000242462,9606.ENSP00000480291,0.714
NEUROG3,ASCL1,9606.ENSP00000242462,9606.ENSP00000266744,0.705
MTNR1B,GNB1,9606.ENSP00000257068,9606.ENSP00000367872,0.984
MTNR1B,GNAI1,9606.ENSP00000257068,9606.ENSP00000497260,0.975
MTNR1B,MTNR1A,9606.ENSP00000257068,9606.ENSP00000302811,0.945
MTNR1B,GPR50,9606.ENSP00000257068,9606.ENSP00000218316,0.938
MTNR1B,GNB2,9606.ENSP00000257068,9606.ENSP00000305260,0.938
MTNR1B,GNB4,9606.ENSP00000257068,9606.ENSP00000232564,0.938
MTNR1B,GNB3,9606.ENSP00000257068,9606.ENSP00000229264,0.924
MTNR1B,GNB5,9606.ENSP00000257068,9606.ENSP00000261837,0.921
MTNR1B,GNAQ,9606.ENSP00000257068,9606.ENSP00000286548,0.917
MTNR1B,GNG4,9606.ENSP00000257068,9606.ENSP00000398629,0.913
MTNR1B,GNG2,9606.ENSP00000257068,9606.ENSP00000334448,0.913
MTNR1B,ADCY5,9606.ENSP00000257068,9606.ENSP00000419361,0.911
MTNR1B,GNGT2,9606.ENSP00000257068,9606.ENSP00000421710,0.91
MTNR1B,GNG3,9606.ENSP00000257068,9606.ENSP00000294117,0.909
MTNR1B,GNG12,9606.ENSP00000257068,9606.ENSP00000360021,0.909
MTNR1B,GNG7,9606.ENSP00000257068,9606.ENSP00000371594,0.909
MTNR1B,GNGT1,9606.ENSP00000257068,9606.ENSP00000248572,0.908
MTNR1B,GNG13,9606.ENSP00000257068,9606.ENSP00000248150,0.908
MTNR1B,GNG5,9606.ENSP00000257068,9606.ENSP00000359675,0.908
MTNR1B,GNG11,9606.ENSP00000257068,9606.ENSP00000248564,0.908
MTNR1B,GNG8,9606.ENSP00000257068,9606.ENSP00000300873,0.908
MTNR1B,GNG10,9606.ENSP00000257068,9606.ENSP00000363411,0.908
MTNR1B,DGKB,9606.ENSP00000257068,9606.ENSP00000385780,0.884
MTNR1B,GCK,9606.ENSP00000257068,9606.ENSP00000223366,0.869
MTNR1B,FAT3,9606.ENSP00000257068,9606.ENSP00000432586,0.831
MTNR1B,G6PC2,9606.ENSP00000257068,9606.ENSP00000364512,0.804
MTNR1B,CDKAL1,9606.ENSP00000257068,9606.ENSP00000274695,0.8
MTNR1B,GNAI2,9606.ENSP00000257068,9606.ENSP00000312999,0.793
MTNR1B,SLC30A8,9606.ENSP00000257068,9606.ENSP00000415011,0.763
MTNR1B,GNAI3,9606.ENSP00000257068,9606.ENSP00000358867,0.753
MTNR1B,GCKR,9606.ENSP00000257068,9606.ENSP00000264717,0.749
MTNR1B,KCNJ11,9606.ENSP00000257068,9606.ENSP00000345708,0.745
MTNR1B,INS,9606.ENSP00000257068,9606.ENSP00000380432,0.73
MTNR1B,TCF7L2,9606.ENSP00000257068,9606.ENSP00000486891,0.724
MTNR1B,FAT1,9606.ENSP00000257068,9606.ENSP00000406229,0.72
MTNR1B,HHEX,9606.ENSP00000257068,9606.ENSP00000282728,0.709
JAZF1,NR2C2,9606.ENSP00000283928,9606.ENSP00000483059,0.988
JAZF1,SUZ12,9606.ENSP00000283928,9606.ENSP00000316578,0.935
JAZF1,MEAF6,9606.ENSP00000283928,9606.ENSP00000362166,0.931
JAZF1,MBTD1,9606.ENSP00000283928,9606.ENSP00000468304,0.917
JAZF1,WDR82,9606.ENSP00000283928,9606.ENSP00000296490,0.89
JAZF1,SYMPK,9606.ENSP00000283928,9606.ENSP00000245934,0.863
JAZF1,BRD8,9606.ENSP00000283928,9606.ENSP00000254900,0.845
JAZF1,TRRAP,9606.ENSP00000283928,9606.ENSP00000352925,0.841
JAZF1,EPC2,9606.ENSP00000283928,9606.ENSP00000258484,0.833
JAZF1,YEATS4,9606.ENSP00000283928,9606.ENSP00000247843,0.827
JAZF1,CDC123,9606.ENSP00000283928,9606.ENSP00000281141,0.82
JAZF1,EP400,9606.ENSP00000283928,9606.ENSP00000374212,0.784
JAZF1,CDKAL1,9606.ENSP00000283928,9606.ENSP00000274695,0.762
JAZF1,EPC1,9606.ENSP00000283928,9606.ENSP00000263062,0.761
JAZF1,MYCL,9606.ENSP00000283928,9606.ENSP00000380494,0.725
JAZF1,PHF1,9606.ENSP00000283928,9606.ENSP00000363640,0.714
JAZF1,NUTM2A,9606.ENSP00000283928,9606.ENSP00000371126,0.704
JAZF1,KAT5,9606.ENSP00000283928,9606.ENSP00000340330,0.701
IDUA,IDS,9606.ENSP00000247933,9606.ENSP00000339801,0.981
IDUA,SGSH,9606.ENSP00000247933,9606.ENSP00000314606,0.974
IDUA,ARSB,9606.ENSP00000247933,9606.ENSP00000264914,0.973
IDUA,HYAL1,9606.ENSP00000247933,9606.ENSP00000266031,0.946
IDUA,SPAM1,9606.ENSP00000247933,9606.ENSP00000345849,0.941
IDUA,HYAL3,9606.ENSP00000247933,9606.ENSP00000337425,0.923
IDUA,HYAL2,9606.ENSP00000247933,9606.ENSP00000401853,0.918
IDUA,HYAL4,9606.ENSP00000247933,9606.ENSP00000223026,0.916
IDUA,SI,9606.ENSP00000247933,9606.ENSP00000264382,0.836
IDUA,MGAM,9606.ENSP00000247933,9606.ENSP00000447378,0.836
IDUA,NAGLU,9606.ENSP00000247933,9606.ENSP00000225927,0.81
IDUA,GALNS,9606.ENSP00000247933,9606.ENSP00000268695,0.783
IDUA,ARSA,9606.ENSP00000247933,9606.ENSP00000216124,0.734
IDUA,GUSB,9606.ENSP00000247933,9606.ENSP00000302728,0.726
APOE,APOC2,9606.ENSP00000252486,9606.ENSP00000466775,0.999
APOE,APOB,9606.ENSP00000252486,9606.ENSP00000233242,0.999
APOE,APOC3,9606.ENSP00000252486,9606.ENSP00000227667,0.999
APOE,LRP2,9606.ENSP00000252486,9606.ENSP00000496870,0.999
APOE,APOA2,9606.ENSP00000252486,9606.ENSP00000356969,0.999
APOE,CLU,9606.ENSP00000252486,9606.ENSP00000315130,0.999
APOE,LRP1,9606.ENSP00000252486,9606.ENSP00000243077,0.999
APOE,APOC1,9606.ENSP00000252486,9606.ENSP00000465356,0.999
APOE,LRP8,9606.ENSP00000252486,9606.ENSP00000303634,0.999
APOE,APP,9606.ENSP00000252486,9606.ENSP00000284981,0.999
APOE,APOA1,9606.ENSP00000252486,9606.ENSP00000236850,0.999
APOE,VLDLR,9606.ENSP00000252486,9606.ENSP00000371532,0.998
APOE,TREM2,9606.ENSP00000252486,9606.ENSP00000362205,0.997
APOE,SORL1,9606.ENSP00000252486,9606.ENSP00000260197,0.997
APOE,SNCA,9606.ENSP00000252486,9606.ENSP00000500990,0.996
APOE,APOA4,9606.ENSP00000252486,9606.ENSP00000350425,0.995
APOE,APOA5,9606.ENSP00000252486,9606.ENSP00000445002,0.992
APOE,MAPT,9606.ENSP00000252486,9606.ENSP00000340820,0.991
APOE,VTN,9606.ENSP00000252486,9606.ENSP00000226218,0.989
APOE,LPL,9606.ENSP00000252486,9606.ENSP00000497642,0.982
APOE,ABCA1,9606.ENSP00000252486,9606.ENSP00000363868,0.98
APOE,PON1,9606.ENSP00000252486,9606.ENSP00000222381,0.977
APOE,A2M,9606.ENSP00000252486,9606.ENSP00000323929,0.975
APOE,CETP,9606.ENSP00000252486,9606.ENSP00000200676,0.974
APOE,LPA,9606.ENSP00000252486,9606.ENSP00000321334,0.971
APOE,PLA2G7,9606.ENSP00000252486,9606.ENSP00000274793,0.97
APOE,PLTP,9606.ENSP00000252486,9606.ENSP00000417138,0.968
APOE,SCARB1,9606.ENSP00000252486,9606.ENSP00000261693,0.968
APOE,APOL1,9606.ENSP00000252486,9606.ENSP00000317674,0.965
APOE,PSEN2,9606.ENSP00000252486,9606.ENSP00000355747,0.961
APOE,CFH,9606.ENSP00000252486,9606.ENSP00000356399,0.958
APOE,APOC4,9606.ENSP00000252486,9606.ENSP00000468236,0.957
APOE,PSEN1,9606.ENSP00000252486,9606.ENSP00000326366,0.956
APOE,LCAT,9606.ENSP00000252486,9606.ENSP00000264005,0.956
APOE,HSPG2,9606.ENSP00000252486,9606.ENSP00000363827,0.954
APOE,ALB,9606.ENSP00000252486,9606.ENSP00000295897,0.953
APOE,TTR,9606.ENSP00000252486,9606.ENSP00000237014,0.952
APOE,CARM1,9606.ENSP00000252486,9606.ENSP00000325690,0.948
APOE,LIPC,9606.ENSP00000252486,9606.ENSP00000299022,0.943
APOE,APOM,9606.ENSP00000252486,9606.ENSP00000365081,0.941
APOE,CD44,9606.ENSP00000252486,9606.ENSP00000398632,0.937
APOE,APOD,9606.ENSP00000252486,9606.ENSP00000345179,0.936
APOE,APCS,9606.ENSP00000252486,9606.ENSP00000255040,0.933
APOE,SDC1,9606.ENSP00000252486,9606.ENSP00000370542,0.932
APOE,ABCG1,9606.ENSP00000252486,9606.ENSP00000354995,0.928
APOE,APOH,9606.ENSP00000252486,9606.ENSP00000205948,0.921
APOE,INS,9606.ENSP00000252486,9606.ENSP00000380432,0.92
APOE,SERPINA3,9606.ENSP00000252486,9606.ENSP00000450540,0.916
APOE,DBI,9606.ENSP00000252486,9606.ENSP00000486361,0.913
APOE,BIN1,9606.ENSP00000252486,9606.ENSP00000316779,0.908
HLA-DQA1,HLA-DQB1,9606.ENSP00000339398,9606.ENSP00000364080,0.999
HLA-DQA1,CD74,9606.ENSP00000339398,9606.ENSP00000009530,0.994
HLA-DQA1,HLA-DRB1,9606.ENSP00000339398,9606.ENSP00000353099,0.991
HLA-DQA1,CD4,9606.ENSP00000339398,9606.ENSP00000011653,0.982
HLA-DQA1,HLA-A,9606.ENSP00000339398,9606.ENSP00000379873,0.973
HLA-DQA1,HCRT,9606.ENSP00000339398,9606.ENSP00000293330,0.972
HLA-DQA1,HLA-DPB1,9606.ENSP00000339398,9606.ENSP00000408146,0.967
HLA-DQA1,TNFRSF25,9606.ENSP00000339398,9606.ENSP00000367013,0.956
HLA-DQA1,TNFRSF10A,9606.ENSP00000339398,9606.ENSP00000221132,0.954
HLA-DQA1,HLA-C,9606.ENSP00000339398,9606.ENSP00000365402,0.945
HLA-DQA1,CD247,9606.ENSP00000339398,9606.ENSP00000354782,0.938
HLA-DQA1,TOR1A,9606.ENSP00000339398,9606.ENSP00000345719,0.935
HLA-DQA1,LOC102723407,9606.ENSP00000339398,9606.ENSP00000478289,0.934
HLA-DQA1,HLA-DRB5,9606.ENSP00000339398,9606.ENSP00000364114,0.904
HLA-DQA1,HLA-DMA,9606.ENSP00000339398,9606.ENSP00000363976,0.904
HLA-DQA1,HLA-DMB,9606.ENSP00000339398,9606.ENSP00000398890,0.902
HLA-DQA1,PTPN22,9606.ENSP00000339398,9606.ENSP00000352833,0.879
HLA-DQA1,HLA-DPA1,9606.ENSP00000339398,9606.ENSP00000393566,0.872
HLA-DQA1,HLA-DOB,9606.ENSP00000339398,9606.ENSP00000496848,0.872
HLA-DQA1,HLA-DQB2,9606.ENSP00000339398,9606.ENSP00000396330,0.869
HLA-DQA1,HLA-E,9606.ENSP00000339398,9606.ENSP00000365817,0.842
HLA-DQA1,HLA-DRA,9606.ENSP00000339398,9606.ENSP00000378786,0.838
HLA-DQA1,INS,9606.ENSP00000339398,9606.ENSP00000380432,0.835
HLA-DQA1,SLC26A3,9606.ENSP00000339398,9606.ENSP00000345873,0.784
HLA-DQA1,TOR1B,9606.ENSP00000339398,9606.ENSP00000259339,0.778
HLA-DQA1,PLA2R1,9606.ENSP00000339398,9606.ENSP00000283243,0.776
HLA-DQA1,GAD2,9606.ENSP00000339398,9606.ENSP00000365437,0.769
HLA-DQA1,CTSH,9606.ENSP00000339398,9606.ENSP00000220166,0.768
HLA-DQA1,CD3D,9606.ENSP00000339398,9606.ENSP00000300692,0.767
HLA-DQA1,HLA-G,9606.ENSP00000339398,9606.ENSP00000366024,0.759
HLA-DQA1,HLA-DQA2,9606.ENSP00000339398,9606.ENSP00000364076,0.753
HLA-DQA1,HLA-B,9606.ENSP00000339398,9606.ENSP00000399168,0.746
HLA-DQA1,CD3G,9606.ENSP00000339398,9606.ENSP00000431445,0.745
HLA-DQA1,HLA-DOA,9606.ENSP00000339398,9606.ENSP00000229829,0.739
HLA-DQA1,CTLA4,9606.ENSP00000339398,9606.ENSP00000497102,0.715
HLA-DQA1,PSMB9,9606.ENSP00000339398,9606.ENSP00000363993,0.707
HLA-DQB2,CD74,9606.ENSP00000396330,9606.ENSP00000009530,0.966
HLA-DQB2,HLA-DRA,9606.ENSP00000396330,9606.ENSP00000378786,0.962
HLA-DQB2,HLA-DQA2,9606.ENSP00000396330,9606.ENSP00000364076,0.942
HLA-DQB2,HLA-DMA,9606.ENSP00000396330,9606.ENSP00000363976,0.927
HLA-DQB2,HLA-DQA1,9606.ENSP00000396330,9606.ENSP00000339398,0.869
HLA-DQB2,HLA-DPA1,9606.ENSP00000396330,9606.ENSP00000393566,0.858
HLA-DQB2,HLA-DMB,9606.ENSP00000396330,9606.ENSP00000398890,0.843
HLA-DQB2,HLA-DOA,9606.ENSP00000396330,9606.ENSP00000229829,0.781
HLA-DQB2,HLA-DRB1,9606.ENSP00000396330,9606.ENSP00000353099,0.765
HLA-DQB2,HLA-DOB,9606.ENSP00000396330,9606.ENSP00000496848,0.75
HLA-DQB2,F6UB75_HUMAN,9606.ENSP00000396330,9606.ENSP00000412457,0.731
HLA-DQB2,HLA-DRB5,9606.ENSP00000396330,9606.ENSP00000364114,0.704
ATP8B4,TMEM30B,9606.ENSP00000284509,9606.ENSP00000450842,0.955
ATP8B4,TMEM30A,9606.ENSP00000284509,9606.ENSP00000230461,0.94
CCND2,CDK4,9606.ENSP00000261254,9606.ENSP00000257904,0.999
CCND2,CDK6,9606.ENSP00000261254,9606.ENSP00000265734,0.999
CCND2,CDKN1A,9606.ENSP00000261254,9606.ENSP00000384849,0.999
CCND2,CDKN1B,9606.ENSP00000261254,9606.ENSP00000228872,0.999
CCND2,CDK2,9606.ENSP00000261254,9606.ENSP00000266970,0.995
CCND2,CDKN1C,9606.ENSP00000261254,9606.ENSP00000413720,0.994
CCND2,RBL2,9606.ENSP00000261254,9606.ENSP00000262133,0.99
CCND2,CDKN2A,9606.ENSP00000261254,9606.ENSP00000418915,0.99
CCND2,RB1,9606.ENSP00000261254,9606.ENSP00000267163,0.988
CCND2,PCNA,9606.ENSP00000261254,9606.ENSP00000368458,0.971
CCND2,CDKN2C,9606.ENSP00000261254,9606.ENSP00000262662,0.963
CCND2,CDKN2D,9606.ENSP00000261254,9606.ENSP00000377224,0.963
CCND2,CDKN2B,9606.ENSP00000261254,9606.ENSP00000276925,0.962
CCND2,CDC25A,9606.ENSP00000261254,9606.ENSP00000303706,0.955
CCND2,CDK5,9606.ENSP00000261254,9606.ENSP00000419782,0.951
CCND2,CCND1,9606.ENSP00000261254,9606.ENSP00000227507,0.942
CCND2,GSK3B,9606.ENSP00000261254,9606.ENSP00000324806,0.938
CCND2,CCND3,9606.ENSP00000261254,9606.ENSP00000362082,0.937
CCND2,RBL1,9606.ENSP00000261254,9606.ENSP00000362768,0.924
CCND2,CDK1,9606.ENSP00000261254,9606.ENSP00000378699,0.888
CCND2,BCL2,9606.ENSP00000261254,9606.ENSP00000381185,0.885
CCND2,SKP2,9606.ENSP00000261254,9606.ENSP00000274255,0.868
CCND2,CCNL2,9606.ENSP00000261254,9606.ENSP00000383611,0.865
CCND2,BCL6,9606.ENSP00000261254,9606.ENSP00000384371,0.851
CCND2,LMO2,9606.ENSP00000261254,9606.ENSP00000257818,0.847
CCND2,DMTF1,9606.ENSP00000261254,9606.ENSP00000378193,0.844
CCND2,E2F2,9606.ENSP00000261254,9606.ENSP00000355249,0.838
CCND2,E2F1,9606.ENSP00000261254,9606.ENSP00000345571,0.791
CCND2,AGO2,9606.ENSP00000261254,9606.ENSP00000220592,0.765
CCND2,E2F3,9606.ENSP00000261254,9606.ENSP00000262904,0.747
CCND2,CDK7,9606.ENSP00000261254,9606.ENSP00000256443,0.731
CCND2,CCL3,9606.ENSP00000261254,9606.ENSP00000477908,0.717
CCND2,JAK2,9606.ENSP00000261254,9606.ENSP00000371067,0.711
CCND2,ABL1,9606.ENSP00000261254,9606.ENSP00000361423,0.71
CCND2,PTEN,9606.ENSP00000261254,9606.ENSP00000361021,0.706
CCND2,MYC,9606.ENSP00000261254,9606.ENSP00000478887,0.701
CCND2,E2F4,9606.ENSP00000261254,9606.ENSP00000368686,0.7
SHARPIN,RBCK1,9606.ENSP00000381698,9606.ENSP00000348632,0.999
SHARPIN,RNF31,9606.ENSP00000381698,9606.ENSP00000315112,0.999
SHARPIN,TNF,9606.ENSP00000381698,9606.ENSP00000398698,0.998
SHARPIN,IKBKG,9606.ENSP00000381698,9606.ENSP00000483825,0.998
SHARPIN,TNFRSF1A,9606.ENSP00000381698,9606.ENSP00000162749,0.998
SHARPIN,BIRC2,9606.ENSP00000381698,9606.ENSP00000477613,0.984
SHARPIN,SPATA2,9606.ENSP00000381698,9606.ENSP00000416799,0.982
SHARPIN,RIPK1,9606.ENSP00000381698,9606.ENSP00000259808,0.981
SHARPIN,OTULIN,9606.ENSP00000381698,9606.ENSP00000284274,0.977
SHARPIN,BIRC3,9606.ENSP00000381698,9606.ENSP00000263464,0.947
SHARPIN,TRAF2,9606.ENSP00000381698,9606.ENSP00000247668,0.937
SHARPIN,CYLD,9606.ENSP00000381698,9606.ENSP00000392025,0.936
SHARPIN,RIPK2,9606.ENSP00000381698,9606.ENSP00000220751,0.935
SHARPIN,TRAF5,9606.ENSP00000381698,9606.ENSP00000261464,0.931
SHARPIN,XIAP,9606.ENSP00000381698,9606.ENSP00000360242,0.929
SHARPIN,SPATA2L,9606.ENSP00000381698,9606.ENSP00000289805,0.925
SHARPIN,SHANK2,9606.ENSP00000381698,9606.ENSP00000345193,0.898
SHARPIN,CHUK,9606.ENSP00000381698,9606.ENSP00000359424,0.877
SHARPIN,TRADD,9606.ENSP00000381698,9606.ENSP00000341268,0.871
SHARPIN,TAB1,9606.ENSP00000381698,9606.ENSP00000216160,0.846
SHARPIN,PTEN,9606.ENSP00000381698,9606.ENSP00000361021,0.834
SHARPIN,NOD2,9606.ENSP00000381698,9606.ENSP00000300589,0.831
SHARPIN,UBC,9606.ENSP00000381698,9606.ENSP00000441543,0.826
SHARPIN,IKBKB,9606.ENSP00000381698,9606.ENSP00000430684,0.807
SHARPIN,MAF1,9606.ENSP00000381698,9606.ENSP00000318604,0.788
SHARPIN,TNFAIP3,9606.ENSP00000381698,9606.ENSP00000481570,0.778
SHARPIN,TAB2,9606.ENSP00000381698,9606.ENSP00000356426,0.776
SHARPIN,IREB2,9606.ENSP00000381698,9606.ENSP00000258886,0.769
SHARPIN,SHANK1,9606.ENSP00000381698,9606.ENSP00000293441,0.764
SHARPIN,MALT1,9606.ENSP00000381698,9606.ENSP00000497997,0.753
SHARPIN,UBE2L3,9606.ENSP00000381698,9606.ENSP00000400906,0.739
SHARPIN,RPS27A,9606.ENSP00000381698,9606.ENSP00000272317,0.739
SHARPIN,ITGAL,9606.ENSP00000381698,9606.ENSP00000349252,0.725
SHARPIN,BCL10,9606.ENSP00000381698,9606.ENSP00000498104,0.719
SHARPIN,TAB3,9606.ENSP00000381698,9606.ENSP00000368215,0.707
SHARPIN,TRIP6,9606.ENSP00000381698,9606.ENSP00000200457,0.702
PICALM,CLINT1,9606.ENSP00000377015,9606.ENSP00000429824,0.982
PICALM,CLTC,9606.ENSP00000377015,9606.ENSP00000479606,0.971
PICALM,UBB,9606.ENSP00000377015,9606.ENSP00000478771,0.95
PICALM,UBC,9606.ENSP00000377015,9606.ENSP00000441543,0.949
PICALM,RPS27A,9606.ENSP00000377015,9606.ENSP00000272317,0.949
PICALM,EPN2,9606.ENSP00000377015,9606.ENSP00000320543,0.947
PICALM,AP2A1,9606.ENSP00000377015,9606.ENSP00000351926,0.947
PICALM,UBA52,9606.ENSP00000377015,9606.ENSP00000388107,0.947
PICALM,EPS15,9606.ENSP00000377015,9606.ENSP00000360798,0.946
PICALM,EPN3,9606.ENSP00000377015,9606.ENSP00000268933,0.944
PICALM,AP2M1,9606.ENSP00000377015,9606.ENSP00000403362,0.935
PICALM,HIP1R,9606.ENSP00000377015,9606.ENSP00000253083,0.927
PICALM,CLU,9606.ENSP00000377015,9606.ENSP00000315130,0.923
PICALM,CLTA,9606.ENSP00000377015,9606.ENSP00000242285,0.922
PICALM,MLLT10,9606.ENSP00000377015,9606.ENSP00000307411,0.922
PICALM,CLTB,9606.ENSP00000377015,9606.ENSP00000309415,0.919
PICALM,CLTCL1,9606.ENSP00000377015,9606.ENSP00000441158,0.915
PICALM,AP2B1,9606.ENSP00000377015,9606.ENSP00000483185,0.908
PICALM,PIK3C2A,9606.ENSP00000377015,9606.ENSP00000265970,0.9
PICALM,BIN1,9606.ENSP00000377015,9606.ENSP00000316779,0.892
PICALM,AP2A2,9606.ENSP00000377015,9606.ENSP00000327694,0.876
PICALM,ABCA7,9606.ENSP00000377015,9606.ENSP00000263094,0.872
PICALM,DAB2,9606.ENSP00000377015,9606.ENSP00000313391,0.868
PICALM,CD2AP,9606.ENSP00000377015,9606.ENSP00000352264,0.865
PICALM,FCHO2,9606.ENSP00000377015,9606.ENSP00000393776,0.852
PICALM,BMP2K,9606.ENSP00000377015,9606.ENSP00000334836,0.85
PICALM,EPHA1,9606.ENSP00000377015,9606.ENSP00000275815,0.846
PICALM,GAK,9606.ENSP00000377015,9606.ENSP00000314499,0.842
PICALM,FCHO1,9606.ENSP00000377015,9606.ENSP00000473001,0.84
PICALM,SORL1,9606.ENSP00000377015,9606.ENSP00000260197,0.838
PICALM,EPS15L1,9606.ENSP00000377015,9606.ENSP00000393313,0.836
PICALM,APP,9606.ENSP00000377015,9606.ENSP00000284981,0.82
PICALM,FERMT2,9606.ENSP00000377015,9606.ENSP00000342858,0.802
PICALM,STON2,9606.ENSP00000377015,9606.ENSP00000450857,0.802
PICALM,SYNRG,9606.ENSP00000377015,9606.ENSP00000483453,0.795
PICALM,MS4A6A,9606.ENSP00000377015,9606.ENSP00000435844,0.79
PICALM,AP2S1,9606.ENSP00000377015,9606.ENSP00000470176,0.777
PICALM,DNAJC6,9606.ENSP00000377015,9606.ENSP00000360108,0.775
PICALM,MS4A4E,9606.ENSP00000377015,9606.ENSP00000499123,0.774
PICALM,APOE,9606.ENSP00000377015,9606.ENSP00000252486,0.773
PICALM,PSEN1,9606.ENSP00000377015,9606.ENSP00000326366,0.765
PICALM,ITSN1,9606.ENSP00000377015,9606.ENSP00000370719,0.763
PICALM,SGIP1,9606.ENSP00000377015,9606.ENSP00000360076,0.759
PICALM,NECAP2,9606.ENSP00000377015,9606.ENSP00000391942,0.758
PICALM,CD33,9606.ENSP00000377015,9606.ENSP00000262262,0.756
PICALM,EPN1,9606.ENSP00000377015,9606.ENSP00000406209,0.755
PICALM,SYNJ1,9606.ENSP00000377015,9606.ENSP00000409667,0.753
PICALM,MAPT,9606.ENSP00000377015,9606.ENSP00000340820,0.744
PICALM,VAMP3,9606.ENSP00000377015,9606.ENSP00000054666,0.737
PICALM,VAMP2,9606.ENSP00000377015,9606.ENSP00000418572,0.732
IL17RD,IL17RC,9606.ENSP00000296318,9606.ENSP00000295981,0.988
IL17RD,IL17RA,9606.ENSP00000296318,9606.ENSP00000320936,0.982
IL17RD,IL17RB,9606.ENSP00000296318,9606.ENSP00000288167,0.96
IL17RD,IL17RE,9606.ENSP00000296318,9606.ENSP00000373325,0.959
IL17RD,SPRY4,9606.ENSP00000296318,9606.ENSP00000344967,0.871
IL17RD,IL17B,9606.ENSP00000296318,9606.ENSP00000261796,0.852
IL17RD,IL17C,9606.ENSP00000296318,9606.ENSP00000244241,0.814
IL17RD,IL17F,9606.ENSP00000296318,9606.ENSP00000337432,0.787
IL17RD,IL17D,9606.ENSP00000296318,9606.ENSP00000302924,0.786
IL17RD,IL25,9606.ENSP00000296318,9606.ENSP00000328111,0.78
IL17RD,PTP4A2,9606.ENSP00000296318,9606.ENSP00000493688,0.777
IL17RD,PTP4A1,9606.ENSP00000296318,9606.ENSP00000497588,0.768
IL17RD,FGFR1,9606.ENSP00000296318,9606.ENSP00000393312,0.75
IL17RD,IL17A,9606.ENSP00000296318,9606.ENSP00000497968,0.737
SNRPD2,PRPF4,9606.ENSP00000342374,9606.ENSP00000363313,0.999
SNRPD2,PRPF31,9606.ENSP00000342374,9606.ENSP00000324122,0.999
SNRPD2,SNRNP200,9606.ENSP00000342374,9606.ENSP00000317123,0.999
SNRPD2,SNRPA,9606.ENSP00000342374,9606.ENSP00000243563,0.999
SNRPD2,SNRPF,9606.ENSP00000342374,9606.ENSP00000266735,0.999
SNRPD2,LSM3,9606.ENSP00000342374,9606.ENSP00000302160,0.999
SNRPD2,SNRPN,9606.ENSP00000342374,9606.ENSP00000494831,0.999
SNRPD2,BUD31,9606.ENSP00000342374,9606.ENSP00000386023,0.999
SNRPD2,SNRPC,9606.ENSP00000342374,9606.ENSP00000244520,0.999
SNRPD2,SNRNP70,9606.ENSP00000342374,9606.ENSP00000472998,0.999
SNRPD2,SNW1,9606.ENSP00000342374,9606.ENSP00000451129,0.999
SNRPD2,SF3B2,9606.ENSP00000342374,9606.ENSP00000318861,0.999
SNRPD2,SNRPE,9606.ENSP00000342374,9606.ENSP00000400591,0.999
SNRPD2,SNRPB,9606.ENSP00000342374,9606.ENSP00000412566,0.999
SNRPD2,SNRPD3,9606.ENSP00000342374,9606.ENSP00000215829,0.999
SNRPD2,CDC5L,9606.ENSP00000342374,9606.ENSP00000360532,0.999
SNRPD2,PRPF6,9606.ENSP00000342374,9606.ENSP00000266079,0.999
SNRPD2,SNRPB2,9606.ENSP00000342374,9606.ENSP00000246071,0.999
SNRPD2,SART1,9606.ENSP00000342374,9606.ENSP00000310448,0.999
SNRPD2,GEMIN2,9606.ENSP00000342374,9606.ENSP00000308533,0.999
SNRPD2,MFAP1,9606.ENSP00000342374,9606.ENSP00000267812,0.999
SNRPD2,LSM7,9606.ENSP00000342374,9606.ENSP00000252622,0.999
SNRPD2,SNRPG,9606.ENSP00000342374,9606.ENSP00000393388,0.999
SNRPD2,LSM6,9606.ENSP00000342374,9606.ENSP00000296581,0.999
SNRPD2,SF3B5,9606.ENSP00000342374,9606.ENSP00000356541,0.999
SNRPD2,PRPF3,9606.ENSP00000342374,9606.ENSP00000315379,0.999
SNRPD2,PRPF8,9606.ENSP00000342374,9606.ENSP00000460348,0.999
SNRPD2,LSM5,9606.ENSP00000342374,9606.ENSP00000410758,0.999
SNRPD2,SF3A2,9606.ENSP00000342374,9606.ENSP00000221494,0.999
SNRPD2,CRNKL1,9606.ENSP00000342374,9606.ENSP00000366557,0.999
SNRPD2,SNRPA1,9606.ENSP00000342374,9606.ENSP00000254193,0.999
SNRPD2,LSM4,9606.ENSP00000342374,9606.ENSP00000469468,0.999
SNRPD2,LSM8,9606.ENSP00000342374,9606.ENSP00000249299,0.999
SNRPD2,CDC40,9606.ENSP00000342374,9606.ENSP00000357928,0.999
SNRPD2,LSM2,9606.ENSP00000342374,9606.ENSP00000364813,0.999
SNRPD2,SF3A3,9606.ENSP00000342374,9606.ENSP00000362110,0.999
SNRPD2,DDX23,9606.ENSP00000342374,9606.ENSP00000310723,0.999
SNRPD2,EFTUD2,9606.ENSP00000342374,9606.ENSP00000392094,0.999
SNRPD2,PRPF19,9606.ENSP00000342374,9606.ENSP00000227524,0.999
SNRPD2,SNRPD1,9606.ENSP00000342374,9606.ENSP00000300413,0.999
SNRPD2,PLRG1,9606.ENSP00000342374,9606.ENSP00000424417,0.999
SNRPD2,SF3B3,9606.ENSP00000342374,9606.ENSP00000305790,0.998
SNRPD2,XAB2,9606.ENSP00000342374,9606.ENSP00000351137,0.998
SNRPD2,CWC15,9606.ENSP00000342374,9606.ENSP00000475615,0.998
SNRPD2,SNRNP40,9606.ENSP00000342374,9606.ENSP00000263694,0.998
SNRPD2,SF3A1,9606.ENSP00000342374,9606.ENSP00000215793,0.998
SNRPD2,CLNS1A,9606.ENSP00000342374,9606.ENSP00000433919,0.998
SNRPD2,SF3B1,9606.ENSP00000342374,9606.ENSP00000335321,0.998
SNRPD2,SMN1,9606.ENSP00000342374,9606.ENSP00000370083,0.998
SNRPD2,PHF5A,9606.ENSP00000342374,9606.ENSP00000216252,0.997
TSPAN15,ADAM10,9606.ENSP00000362387,9606.ENSP00000260408,0.952
TSPAN15,TSPAN14,9606.ENSP00000362387,9606.ENSP00000361231,0.724
TSPAN15,TSPAN5,9606.ENSP00000362387,9606.ENSP00000307701,0.721
TSPAN15,CD9,9606.ENSP00000362387,9606.ENSP00000371958,0.712
TSPAN15,PTGFRN,9606.ENSP00000362387,9606.ENSP00000376899,0.708
BTNL2,HLA-DRB1,9606.ENSP00000390613,9606.ENSP00000353099,0.845
BTNL2,ANXA11,9606.ENSP00000390613,9606.ENSP00000398610,0.841
BTNL2,HLA-DRA,9606.ENSP00000390613,9606.ENSP00000378786,0.774
BTNL2,HLA-DQB1,9606.ENSP00000390613,9606.ENSP00000364080,0.758
BTNL2,HLA-DRB5,9606.ENSP00000390613,9606.ENSP00000364114,0.715
TOX2,ZNF461,9606.ENSP00000344724,9606.ENSP00000467931,0.927
IGF2BP3,IGF2,9606.ENSP00000258729,9606.ENSP00000391826,0.989
IGF2BP3,IGF2BP1,9606.ENSP00000258729,9606.ENSP00000290341,0.984
IGF2BP3,HNRNPA2B1,9606.ENSP00000258729,9606.ENSP00000346694,0.925
IGF2BP3,HMGA2,9606.ENSP00000258729,9606.ENSP00000437621,0.909
IGF2BP3,YTHDF1,9606.ENSP00000258729,9606.ENSP00000359364,0.906
IGF2BP3,ELAVL1,9606.ENSP00000258729,9606.ENSP00000385269,0.903
IGF2BP3,IGF2BP2,9606.ENSP00000258729,9606.ENSP00000410242,0.851
IGF2BP3,YTHDF3,9606.ENSP00000258729,9606.ENSP00000478490,0.85
IGF2BP3,YTHDC1,9606.ENSP00000258729,9606.ENSP00000463982,0.849
IGF2BP3,YTHDF2,9606.ENSP00000258729,9606.ENSP00000444660,0.845
IGF2BP3,METTL3,9606.ENSP00000258729,9606.ENSP00000298717,0.838
IGF2BP3,YTHDC2,9606.ENSP00000258729,9606.ENSP00000161863,0.836
IGF2BP3,RBMX,9606.ENSP00000258729,9606.ENSP00000359645,0.832
IGF2BP3,METTL14,9606.ENSP00000258729,9606.ENSP00000373474,0.829
IGF2BP3,VIRMA,9606.ENSP00000258729,9606.ENSP00000297591,0.818
IGF2BP3,FTO,9606.ENSP00000258729,9606.ENSP00000418823,0.794
IGF2BP3,HNRNPC,9606.ENSP00000258729,9606.ENSP00000451291,0.794
IGF2BP3,YBX1,9606.ENSP00000258729,9606.ENSP00000361626,0.772
IGF2BP3,LIN28A,9606.ENSP00000258729,9606.ENSP00000363314,0.763
IGF2BP3,MATR3,9606.ENSP00000258729,9606.ENSP00000378284,0.735
IGF2BP3,ZC3H13,9606.ENSP00000258729,9606.ENSP00000242848,0.727
IGF2BP3,ALKBH5,9606.ENSP00000258729,9606.ENSP00000382091,0.721
IGF2BP3,RBM15B,9606.ENSP00000258729,9606.ENSP00000454545,0.72
IGF2BP3,WTAP,9606.ENSP00000258729,9606.ENSP00000351141,0.72
IGF2BP3,RBM15,9606.ENSP00000258729,9606.ENSP00000358799,0.717
IGF2BP3,KIF20A,9606.ENSP00000258729,9606.ENSP00000378356,0.714
IGF2BP3,LIN28B,9606.ENSP00000258729,9606.ENSP00000344401,0.713
IGF2BP3,FUS,9606.ENSP00000258729,9606.ENSP00000254108,0.709
IGF2BP3,PABPC1,9606.ENSP00000258729,9606.ENSP00000313007,0.703
HESX1,POU1F1,9606.ENSP00000498190,9606.ENSP00000342931,0.95
HESX1,SOX3,9606.ENSP00000498190,9606.ENSP00000359567,0.77
HESX1,SOX2,9606.ENSP00000498190,9606.ENSP00000323588,0.727
HESX1,TLE1,9606.ENSP00000498190,9606.ENSP00000365682,0.725
HESX1,NCOR1,9606.ENSP00000498190,9606.ENSP00000268712,0.712
HESX1,PROKR2,9606.ENSP00000498190,9606.ENSP00000217270,0.708
NECTIN2,AFDN,9606.ENSP00000252483,9606.ENSP00000355771,0.999
NECTIN2,NECTIN3,9606.ENSP00000252483,9606.ENSP00000418070,0.999
NECTIN2,CD226,9606.ENSP00000252483,9606.ENSP00000461947,0.999
NECTIN2,TIGIT,9606.ENSP00000252483,9606.ENSP00000419085,0.999
NECTIN2,CD96,9606.ENSP00000252483,9606.ENSP00000283285,0.999
NECTIN2,PVRIG,9606.ENSP00000252483,9606.ENSP00000316675,0.993
NECTIN2,ACKR1,9606.ENSP00000252483,9606.ENSP00000357103,0.986
NECTIN2,KLRK1,9606.ENSP00000252483,9606.ENSP00000240618,0.98
NECTIN2,NCR3,9606.ENSP00000252483,9606.ENSP00000342156,0.959
NECTIN2,NECTIN1,9606.ENSP00000252483,9606.ENSP00000264025,0.956
NECTIN2,NECTIN4,9606.ENSP00000252483,9606.ENSP00000356991,0.933
NECTIN2,CTLA4,9606.ENSP00000252483,9606.ENSP00000497102,0.931
NECTIN2,CRTAM,9606.ENSP00000252483,9606.ENSP00000227348,0.925
NECTIN2,PARD3,9606.ENSP00000252483,9606.ENSP00000363921,0.915
NECTIN2,TOMM40,9606.ENSP00000252483,9606.ENSP00000410339,0.895
NECTIN2,NCR1,9606.ENSP00000252483,9606.ENSP00000291890,0.852
NECTIN2,TNFRSF14,9606.ENSP00000252483,9606.ENSP00000347948,0.822
NECTIN2,KLRC1,9606.ENSP00000252483,9606.ENSP00000438038,0.809
NECTIN2,HAVCR2,9606.ENSP00000252483,9606.ENSP00000312002,0.809
NECTIN2,F11R,9606.ENSP00000252483,9606.ENSP00000357005,0.776
NECTIN2,NCR3LG1,9606.ENSP00000252483,9606.ENSP00000341637,0.774
NECTIN2,LAG3,9606.ENSP00000252483,9606.ENSP00000203629,0.766
NECTIN2,HLA-E,9606.ENSP00000252483,9606.ENSP00000365817,0.748
NECTIN2,KLRD1,9606.ENSP00000252483,9606.ENSP00000338130,0.748
NECTIN2,ULBP1,9606.ENSP00000252483,9606.ENSP00000229708,0.74
NECTIN2,CDH2,9606.ENSP00000252483,9606.ENSP00000269141,0.732
NECTIN2,CD48,9606.ENSP00000252483,9606.ENSP00000484431,0.72
NECTIN2,ULBP2,9606.ENSP00000252483,9606.ENSP00000356320,0.718
NECTIN2,CD28,9606.ENSP00000252483,9606.ENSP00000324890,0.718
CHST15,PIP5K1C,9606.ENSP00000333947,9606.ENSP00000466363,0.83
CHST15,CHST13,9606.ENSP00000333947,9606.ENSP00000317404,0.782
CHST15,CHST7,9606.ENSP00000333947,9606.ENSP00000276055,0.772
CHST15,CHST12,9606.ENSP00000333947,9606.ENSP00000481912,0.756
CHST15,CHST14,9606.ENSP00000333947,9606.ENSP00000307297,0.737
CHST15,CHST3,9606.ENSP00000333947,9606.ENSP00000362207,0.732
CHST15,CHST11,9606.ENSP00000333947,9606.ENSP00000305725,0.73
JADE2,ING4,9606.ENSP00000282605,9606.ENSP00000380024,0.975
JADE2,KAT7,9606.ENSP00000282605,9606.ENSP00000259021,0.973
JADE2,MEAF6,9606.ENSP00000282605,9606.ENSP00000362166,0.964
JADE2,ING5,9606.ENSP00000282605,9606.ENSP00000490767,0.957
JADE2,ING3,9606.ENSP00000282605,9606.ENSP00000320566,0.756
JADE2,SETD1A,9606.ENSP00000282605,9606.ENSP00000262519,0.73
CDKN1C,CDK2,9606.ENSP00000413720,9606.ENSP00000266970,0.999
CDKN1C,CCNA2,9606.ENSP00000413720,9606.ENSP00000481380,0.998
CDKN1C,CDK6,9606.ENSP00000413720,9606.ENSP00000265734,0.995
CDKN1C,CDK4,9606.ENSP00000413720,9606.ENSP00000257904,0.994
CDKN1C,CCND2,9606.ENSP00000413720,9606.ENSP00000261254,0.994
CDKN1C,CCND1,9606.ENSP00000413720,9606.ENSP00000227507,0.994
CDKN1C,CCND3,9606.ENSP00000413720,9606.ENSP00000362082,0.992
CDKN1C,CCNA1,9606.ENSP00000413720,9606.ENSP00000255465,0.988
CDKN1C,CCNE2,9606.ENSP00000413720,9606.ENSP00000429089,0.978
CDKN1C,SKP2,9606.ENSP00000413720,9606.ENSP00000274255,0.975
CDKN1C,CCNE1,9606.ENSP00000413720,9606.ENSP00000262643,0.973
CDKN1C,CDK1,9606.ENSP00000413720,9606.ENSP00000378699,0.952
CDKN1C,CDKN1B,9606.ENSP00000413720,9606.ENSP00000228872,0.946
CDKN1C,CUL1,9606.ENSP00000413720,9606.ENSP00000326804,0.931
CDKN1C,SKP1,9606.ENSP00000413720,9606.ENSP00000231487,0.931
CDKN1C,PHLDA2,9606.ENSP00000413720,9606.ENSP00000319231,0.928
CDKN1C,KCNQ1,9606.ENSP00000413720,9606.ENSP00000155840,0.918
CDKN1C,RBX1,9606.ENSP00000413720,9606.ENSP00000216225,0.916
CDKN1C,IGF2,9606.ENSP00000413720,9606.ENSP00000391826,0.907
CDKN1C,SLC22A18,9606.ENSP00000413720,9606.ENSP00000369948,0.89
CDKN1C,CDKN2D,9606.ENSP00000413720,9606.ENSP00000377224,0.878
CDKN1C,CDK3,9606.ENSP00000413720,9606.ENSP00000410561,0.876
CDKN1C,CDKN2A,9606.ENSP00000413720,9606.ENSP00000418915,0.86
CDKN1C,CDKN2C,9606.ENSP00000413720,9606.ENSP00000262662,0.858
CDKN1C,CDKN2B,9606.ENSP00000413720,9606.ENSP00000276925,0.835
CDKN1C,CCNB1,9606.ENSP00000413720,9606.ENSP00000256442,0.826
CDKN1C,MYOD1,9606.ENSP00000413720,9606.ENSP00000250003,0.816
CDKN1C,RB1,9606.ENSP00000413720,9606.ENSP00000267163,0.796
CDKN1C,E2F1,9606.ENSP00000413720,9606.ENSP00000345571,0.793
CDKN1C,CIB1,9606.ENSP00000413720,9606.ENSP00000479860,0.781
CDKN1C,ASCL2,9606.ENSP00000413720,9606.ENSP00000332293,0.78
CDKN1C,BMP10,9606.ENSP00000413720,9606.ENSP00000295379,0.764
CDKN1C,DYNC1I2,9606.ENSP00000413720,9606.ENSP00000380308,0.759
CDKN1C,CCNL2,9606.ENSP00000413720,9606.ENSP00000383611,0.754
CDKN1C,CDKN3,9606.ENSP00000413720,9606.ENSP00000335357,0.748
CDKN1C,CDKN1A,9606.ENSP00000413720,9606.ENSP00000384849,0.735
CDKN1C,E2F3,9606.ENSP00000413720,9606.ENSP00000262904,0.735
CDKN1C,DLK1,9606.ENSP00000413720,9606.ENSP00000340292,0.732
CDKN1C,RBL1,9606.ENSP00000413720,9606.ENSP00000362768,0.732
CDKN1C,IGF2R,9606.ENSP00000413720,9606.ENSP00000349437,0.729
CDKN1C,TSSC4,9606.ENSP00000413720,9606.ENSP00000331087,0.724
CDKN1C,PLAGL1,9606.ENSP00000413720,9606.ENSP00000353734,0.709
CDKN1C,RBL2,9606.ENSP00000413720,9606.ENSP00000262133,0.708
CDKN1C,GRB10,9606.ENSP00000413720,9606.ENSP00000493728,0.707
CDKN1C,CDK7,9606.ENSP00000413720,9606.ENSP00000256443,0.706
CDKN1C,TP53,9606.ENSP00000413720,9606.ENSP00000269305,0.701
CDKN1C,E2F2,9606.ENSP00000413720,9606.ENSP00000355249,0.701
CDKN1C,NAP1L4,9606.ENSP00000413720,9606.ENSP00000369915,0.701
ZC3H4,WDR82,9606.ENSP00000253048,9606.ENSP00000296490,0.951
ZC3H4,GSC,9606.ENSP00000253048,9606.ENSP00000238558,0.782
ZC3H4,SYMPK,9606.ENSP00000253048,9606.ENSP00000245934,0.718
IGF2BP2,HMGA2,9606.ENSP00000410242,9606.ENSP00000437621,0.996
IGF2BP2,IGF2,9606.ENSP00000410242,9606.ENSP00000391826,0.994
IGF2BP2,FTO,9606.ENSP00000410242,9606.ENSP00000418823,0.914
IGF2BP2,HHEX,9606.ENSP00000410242,9606.ENSP00000282728,0.908
IGF2BP2,CDKAL1,9606.ENSP00000410242,9606.ENSP00000274695,0.898
IGF2BP2,DHX9,9606.ENSP00000410242,9606.ENSP00000356520,0.889
IGF2BP2,HNRNPC,9606.ENSP00000410242,9606.ENSP00000451291,0.886
IGF2BP2,HNRNPA2B1,9606.ENSP00000410242,9606.ENSP00000346694,0.884
IGF2BP2,YTHDF1,9606.ENSP00000410242,9606.ENSP00000359364,0.88
IGF2BP2,YTHDC1,9606.ENSP00000410242,9606.ENSP00000463982,0.877
IGF2BP2,YTHDF2,9606.ENSP00000410242,9606.ENSP00000444660,0.868
IGF2BP2,YTHDF3,9606.ENSP00000410242,9606.ENSP00000478490,0.868
IGF2BP2,VIRMA,9606.ENSP00000410242,9606.ENSP00000297591,0.865
IGF2BP2,SLC30A8,9606.ENSP00000410242,9606.ENSP00000415011,0.863
IGF2BP2,METTL3,9606.ENSP00000410242,9606.ENSP00000298717,0.855
IGF2BP2,YTHDC2,9606.ENSP00000410242,9606.ENSP00000161863,0.853
IGF2BP2,IGF2BP3,9606.ENSP00000410242,9606.ENSP00000258729,0.851
IGF2BP2,METTL14,9606.ENSP00000410242,9606.ENSP00000373474,0.831
IGF2BP2,IGF2BP1,9606.ENSP00000410242,9606.ENSP00000290341,0.829
IGF2BP2,TSPAN8,9606.ENSP00000410242,9606.ENSP00000377003,0.81
IGF2BP2,KCNJ11,9606.ENSP00000410242,9606.ENSP00000345708,0.78
IGF2BP2,CDKN2B,9606.ENSP00000410242,9606.ENSP00000276925,0.773
IGF2BP2,FAM120A,9606.ENSP00000410242,9606.ENSP00000277165,0.77
IGF2BP2,RBMX,9606.ENSP00000410242,9606.ENSP00000359645,0.757
IGF2BP2,ELAVL1,9606.ENSP00000410242,9606.ENSP00000385269,0.752
IGF2BP2,KCNQ1,9606.ENSP00000410242,9606.ENSP00000155840,0.739
IGF2BP2,TCF7L2,9606.ENSP00000410242,9606.ENSP00000486891,0.737
IGF2BP2,CDKN2A,9606.ENSP00000410242,9606.ENSP00000418915,0.734
IGF2BP2,ALKBH5,9606.ENSP00000410242,9606.ENSP00000382091,0.724
IGF2BP2,WTAP,9606.ENSP00000410242,9606.ENSP00000351141,0.723
IGF2BP2,YBX1,9606.ENSP00000410242,9606.ENSP00000361626,0.722
IGF2BP2,ZC3H13,9606.ENSP00000410242,9606.ENSP00000242848,0.722
IGF2BP2,RBM15B,9606.ENSP00000410242,9606.ENSP00000454545,0.715
IGF2BP2,SOX2,9606.ENSP00000410242,9606.ENSP00000323588,0.713
IGF2BP2,RBM15,9606.ENSP00000410242,9606.ENSP00000358799,0.712
IGF2BP2,EGFR,9606.ENSP00000410242,9606.ENSP00000275493,0.707
GIPR,GIP,9606.ENSP00000467494,9606.ENSP00000350005,0.999
GIPR,GCG,9606.ENSP00000467494,9606.ENSP00000387662,0.999
GIPR,GNAS,9606.ENSP00000467494,9606.ENSP00000360141,0.994
GIPR,VIP,9606.ENSP00000467494,9606.ENSP00000356213,0.965
GIPR,GNB1,9606.ENSP00000467494,9606.ENSP00000367872,0.961
GIPR,ADCYAP1,9606.ENSP00000467494,9606.ENSP00000462647,0.956
GIPR,POMC,9606.ENSP00000467494,9606.ENSP00000384092,0.942
GIPR,GNG2,9606.ENSP00000467494,9606.ENSP00000334448,0.907
GIPR,IGHV3-43D,9606.ENSP00000467494,9606.ENSP00000481152,0.906
GIPR,FSHB,9606.ENSP00000467494,9606.ENSP00000416606,0.903
GIPR,NPPA,9606.ENSP00000467494,9606.ENSP00000365663,0.903
GIPR,TSHB,9606.ENSP00000467494,9606.ENSP00000256592,0.902
GIPR,SCT,9606.ENSP00000467494,9606.ENSP00000176195,0.836
GIPR,ADCY5,9606.ENSP00000467494,9606.ENSP00000419361,0.828
GIPR,TCF7L2,9606.ENSP00000467494,9606.ENSP00000486891,0.802
GIPR,IGHV3-16,9606.ENSP00000467494,9606.ENSP00000478725,0.8
GIPR,QPCTL,9606.ENSP00000467494,9606.ENSP00000012049,0.752
GIPR,GLP1R,9606.ENSP00000467494,9606.ENSP00000362353,0.743
QPCTL,GIPR,9606.ENSP00000012049,9606.ENSP00000467494,0.752
CARMIL1,TMOD4,9606.ENSP00000331983,9606.ENSP00000295314,0.972
CARMIL1,CAPZA2,9606.ENSP00000331983,9606.ENSP00000354947,0.966
CARMIL1,CAPZB,9606.ENSP00000331983,9606.ENSP00000401010,0.937
CARMIL1,CAPZA1,9606.ENSP00000331983,9606.ENSP00000263168,0.932
CARMIL1,SCIN,9606.ENSP00000331983,9606.ENSP00000297029,0.816
CARMIL1,MYO1C,9606.ENSP00000331983,9606.ENSP00000496954,0.777
CARMIL1,GSN,9606.ENSP00000331983,9606.ENSP00000362924,0.775
CARMIL1,CD2AP,9606.ENSP00000331983,9606.ENSP00000352264,0.773
HLA-DRA,CD74,9606.ENSP00000378786,9606.ENSP00000009530,0.999
HLA-DRA,HLA-DRB1,9606.ENSP00000378786,9606.ENSP00000353099,0.999
HLA-DRA,HLA-DMA,9606.ENSP00000378786,9606.ENSP00000363976,0.999
HLA-DRA,HLA-DPA1,9606.ENSP00000378786,9606.ENSP00000393566,0.999
HLA-DRA,HLA-DRB5,9606.ENSP00000378786,9606.ENSP00000364114,0.999
HLA-DRA,HLA-DMB,9606.ENSP00000378786,9606.ENSP00000398890,0.999
HLA-DRA,CD4,9606.ENSP00000378786,9606.ENSP00000011653,0.997
HLA-DRA,HLA-DPB1,9606.ENSP00000378786,9606.ENSP00000408146,0.993
HLA-DRA,HLA-DOB,9606.ENSP00000378786,9606.ENSP00000496848,0.98
HLA-DRA,HLA-DQB1,9606.ENSP00000378786,9606.ENSP00000364080,0.976
HLA-DRA,HLA-B,9606.ENSP00000378786,9606.ENSP00000399168,0.975
HLA-DRA,HLA-DOA,9606.ENSP00000378786,9606.ENSP00000229829,0.97
HLA-DRA,HLA-E,9606.ENSP00000378786,9606.ENSP00000365817,0.969
HLA-DRA,HLA-DQB2,9606.ENSP00000378786,9606.ENSP00000396330,0.962
HLA-DRA,HLA-C,9606.ENSP00000378786,9606.ENSP00000365402,0.961
HLA-DRA,CD247,9606.ENSP00000378786,9606.ENSP00000354782,0.957
HLA-DRA,LOC102723407,9606.ENSP00000378786,9606.ENSP00000478289,0.95
HLA-DRA,HLA-A,9606.ENSP00000378786,9606.ENSP00000379873,0.95
HLA-DRA,HLA-F,9606.ENSP00000378786,9606.ENSP00000259951,0.945
HLA-DRA,VIM,9606.ENSP00000378786,9606.ENSP00000446007,0.934
HLA-DRA,CAMP,9606.ENSP00000378786,9606.ENSP00000296435,0.916
HLA-DRA,MLANA,9606.ENSP00000378786,9606.ENSP00000370886,0.908
HLA-DRA,EEF1A1,9606.ENSP00000378786,9606.ENSP00000339063,0.907
HLA-DRA,ENO1,9606.ENSP00000378786,9606.ENSP00000495530,0.906
HLA-DRA,TPI1,9606.ENSP00000378786,9606.ENSP00000229270,0.902
HLA-DRA,H2BC13,9606.ENSP00000378786,9606.ENSP00000366618,0.9
HLA-DRA,TPBG,9606.ENSP00000378786,9606.ENSP00000358765,0.9
HLA-DRA,H2BU1,9606.ENSP00000378786,9606.ENSP00000479284,0.9
HLA-DRA,H2BC1,9606.ENSP00000378786,9606.ENSP00000274764,0.9
HLA-DRA,EEF1A2,9606.ENSP00000378786,9606.ENSP00000217182,0.9
HLA-DRA,B2M,9606.ENSP00000378786,9606.ENSP00000497910,0.89
HLA-DRA,HLA-DQA2,9606.ENSP00000378786,9606.ENSP00000364076,0.879
HLA-DRA,CD3D,9606.ENSP00000378786,9606.ENSP00000300692,0.864
HLA-DRA,LAG3,9606.ENSP00000378786,9606.ENSP00000203629,0.856
HLA-DRA,STAT1,9606.ENSP00000378786,9606.ENSP00000354394,0.849
HLA-DRA,RFX5,9606.ENSP00000378786,9606.ENSP00000290524,0.845
HLA-DRA,HLA-DQA1,9606.ENSP00000378786,9606.ENSP00000339398,0.838
HLA-DRA,CIITA,9606.ENSP00000378786,9606.ENSP00000485010,0.831
HLA-DRA,MARCHF1,9606.ENSP00000378786,9606.ENSP00000427223,0.83
HLA-DRA,RPL30,9606.ENSP00000378786,9606.ENSP00000428085,0.817
HLA-DRA,CILP,9606.ENSP00000378786,9606.ENSP00000261883,0.811
HLA-DRA,NFX1,9606.ENSP00000378786,9606.ENSP00000368856,0.809
HLA-DRA,FGB,9606.ENSP00000378786,9606.ENSP00000306099,0.803
HLA-DRA,ACAN,9606.ENSP00000378786,9606.ENSP00000387356,0.798
HLA-DRA,COL2A1,9606.ENSP00000378786,9606.ENSP00000369889,0.797
HLA-DRA,NOC4L,9606.ENSP00000378786,9606.ENSP00000328854,0.797
HLA-DRA,MBP,9606.ENSP00000378786,9606.ENSP00000380958,0.786
HLA-DRA,PTPRC,9606.ENSP00000378786,9606.ENSP00000411355,0.784
HLA-DRA,CD3E,9606.ENSP00000378786,9606.ENSP00000354566,0.776
HLA-DRA,BTNL2,9606.ENSP00000378786,9606.ENSP00000390613,0.774
EML2,TUBB2A,9606.ENSP00000468312,9606.ENSP00000369703,0.773
EML2,TUBB2B,9606.ENSP00000468312,9606.ENSP00000259818,0.738
PLCG2,BLNK,9606.ENSP00000482457,9606.ENSP00000224337,0.999
PLCG2,SYK,9606.ENSP00000482457,9606.ENSP00000364898,0.999
PLCG2,BTK,9606.ENSP00000482457,9606.ENSP00000483570,0.999
PLCG2,LCP2,9606.ENSP00000482457,9606.ENSP00000046794,0.998
PLCG2,VAV1,9606.ENSP00000482457,9606.ENSP00000472929,0.998
PLCG2,EGFR,9606.ENSP00000482457,9606.ENSP00000275493,0.993
PLCG2,ERBB2,9606.ENSP00000482457,9606.ENSP00000269571,0.979
PLCG2,PIK3R1,9606.ENSP00000482457,9606.ENSP00000428056,0.979
PLCG2,SRC,9606.ENSP00000482457,9606.ENSP00000362680,0.975
PLCG2,PIK3CD,9606.ENSP00000482457,9606.ENSP00000366563,0.974
PLCG2,PRKCB,9606.ENSP00000482457,9606.ENSP00000496129,0.973
PLCG2,SH3BP2,9606.ENSP00000482457,9606.ENSP00000424846,0.97
PLCG2,RAC2,9606.ENSP00000482457,9606.ENSP00000249071,0.967
PLCG2,PLCG1,9606.ENSP00000482457,9606.ENSP00000244007,0.964
PLCG2,ITPR1,9606.ENSP00000482457,9606.ENSP00000306253,0.962
PLCG2,DAPP1,9606.ENSP00000482457,9606.ENSP00000423602,0.962
PLCG2,LYN,9606.ENSP00000482457,9606.ENSP00000428924,0.961
PLCG2,ITPR2,9606.ENSP00000482457,9606.ENSP00000370744,0.958
PLCG2,GAB2,9606.ENSP00000482457,9606.ENSP00000354952,0.954
PLCG2,ICAM1,9606.ENSP00000482457,9606.ENSP00000264832,0.952
PLCG2,PRKCA,9606.ENSP00000482457,9606.ENSP00000408695,0.949
PLCG2,ITPR3,9606.ENSP00000482457,9606.ENSP00000363435,0.949
PLCG2,HCST,9606.ENSP00000482457,9606.ENSP00000246551,0.945
PLCG2,LOC102723407,9606.ENSP00000482457,9606.ENSP00000478289,0.945
PLCG2,VAV3,9606.ENSP00000482457,9606.ENSP00000359073,0.941
PLCG2,PRKCD,9606.ENSP00000482457,9606.ENSP00000331602,0.94
PLCG2,ERBB4,9606.ENSP00000482457,9606.ENSP00000342235,0.938
PLCG2,PIK3CB,9606.ENSP00000482457,9606.ENSP00000501150,0.938
PLCG2,PLA2G4A,9606.ENSP00000482457,9606.ENSP00000356436,0.936
PLCG2,FYN,9606.ENSP00000482457,9606.ENSP00000346671,0.936
PLCG2,PTPN11,9606.ENSP00000482457,9606.ENSP00000489597,0.934
PLCG2,ERBB3,9606.ENSP00000482457,9606.ENSP00000267101,0.933
PLCG2,RASGRP3,9606.ENSP00000482457,9606.ENSP00000385886,0.933
PLCG2,VAV2,9606.ENSP00000482457,9606.ENSP00000360916,0.932
PLCG2,PTEN,9606.ENSP00000482457,9606.ENSP00000361021,0.931
PLCG2,CALM3,9606.ENSP00000482457,9606.ENSP00000291295,0.931
PLCG2,FCER1G,9606.ENSP00000482457,9606.ENSP00000289902,0.931
PLCG2,CALML3,9606.ENSP00000482457,9606.ENSP00000315299,0.93
PLCG2,CALML5,9606.ENSP00000482457,9606.ENSP00000369689,0.93
PLCG2,SHC1,9606.ENSP00000482457,9606.ENSP00000401303,0.93
PLCG2,PIK3CA,9606.ENSP00000482457,9606.ENSP00000263967,0.928
PLCG2,JAK2,9606.ENSP00000482457,9606.ENSP00000371067,0.928
PLCG2,GNAQ,9606.ENSP00000482457,9606.ENSP00000286548,0.927
PLCG2,CALML6,9606.ENSP00000482457,9606.ENSP00000304643,0.927
PLCG2,CALML4,9606.ENSP00000482457,9606.ENSP00000419081,0.927
PLCG2,FGFR1,9606.ENSP00000482457,9606.ENSP00000393312,0.92
PLCG2,TEC,9606.ENSP00000482457,9606.ENSP00000370912,0.919
PLCG2,AXL,9606.ENSP00000482457,9606.ENSP00000301178,0.918
PLCG2,KDR,9606.ENSP00000482457,9606.ENSP00000263923,0.918
PLCG2,PDGFRB,9606.ENSP00000482457,9606.ENSP00000261799,0.917
HLA-DQB1,HLA-DQA1,9606.ENSP00000364080,9606.ENSP00000339398,0.999
HLA-DQB1,CD74,9606.ENSP00000364080,9606.ENSP00000009530,0.997
HLA-DQB1,HCRT,9606.ENSP00000364080,9606.ENSP00000293330,0.986
HLA-DQB1,HLA-DQA2,9606.ENSP00000364080,9606.ENSP00000364076,0.985
HLA-DQB1,HLA-DRA,9606.ENSP00000364080,9606.ENSP00000378786,0.976
HLA-DQB1,INS,9606.ENSP00000364080,9606.ENSP00000380432,0.967
HLA-DQB1,CD4,9606.ENSP00000364080,9606.ENSP00000011653,0.951
HLA-DQB1,HLA-DMA,9606.ENSP00000364080,9606.ENSP00000363976,0.95
HLA-DQB1,INS-IGF2,9606.ENSP00000364080,9606.ENSP00000380440,0.947
HLA-DQB1,ENSP00000495715,9606.ENSP00000364080,9606.ENSP00000495715,0.945
HLA-DQB1,HLA-DMB,9606.ENSP00000364080,9606.ENSP00000398890,0.928
HLA-DQB1,HLA-DPA1,9606.ENSP00000364080,9606.ENSP00000393566,0.915
HLA-DQB1,TNFRSF25,9606.ENSP00000364080,9606.ENSP00000367013,0.886
HLA-DQB1,HLA-DOA,9606.ENSP00000364080,9606.ENSP00000229829,0.872
HLA-DQB1,HLA-A,9606.ENSP00000364080,9606.ENSP00000379873,0.854
HLA-DQB1,PTPN22,9606.ENSP00000364080,9606.ENSP00000352833,0.847
HLA-DQB1,HLA-C,9606.ENSP00000364080,9606.ENSP00000365402,0.833
HLA-DQB1,TNFRSF10A,9606.ENSP00000364080,9606.ENSP00000221132,0.802
HLA-DQB1,LCK,9606.ENSP00000364080,9606.ENSP00000477713,0.791
HLA-DQB1,TOR1B,9606.ENSP00000364080,9606.ENSP00000259339,0.786
HLA-DQB1,CD3D,9606.ENSP00000364080,9606.ENSP00000300692,0.777
HLA-DQB1,TOR1A,9606.ENSP00000364080,9606.ENSP00000345719,0.77
HLA-DQB1,HLA-DPB1,9606.ENSP00000364080,9606.ENSP00000408146,0.765
HLA-DQB1,HLA-B,9606.ENSP00000364080,9606.ENSP00000399168,0.763
HLA-DQB1,HLA-DRB5,9606.ENSP00000364080,9606.ENSP00000364114,0.763
HLA-DQB1,CD3E,9606.ENSP00000364080,9606.ENSP00000354566,0.758
HLA-DQB1,BTNL2,9606.ENSP00000364080,9606.ENSP00000390613,0.758
HLA-DQB1,CD247,9606.ENSP00000364080,9606.ENSP00000354782,0.757
HLA-DQB1,HLA-DOB,9606.ENSP00000364080,9606.ENSP00000496848,0.756
HLA-DQB1,CD3G,9606.ENSP00000364080,9606.ENSP00000431445,0.753
HLA-DQB1,HLA-DRB1,9606.ENSP00000364080,9606.ENSP00000353099,0.75
HLA-DQB1,HLA-F,9606.ENSP00000364080,9606.ENSP00000259951,0.738
HLA-DQB1,CTSH,9606.ENSP00000364080,9606.ENSP00000220166,0.732
HLA-DQB1,F6UB75_HUMAN,9606.ENSP00000364080,9606.ENSP00000412457,0.731
HLA-DQB1,CD8A,9606.ENSP00000364080,9606.ENSP00000386559,0.724
HLA-DQB1,ZAP70,9606.ENSP00000364080,9606.ENSP00000264972,0.72
GRN,SORT1,9606.ENSP00000053867,9606.ENSP00000256637,0.968
GRN,TARDBP,9606.ENSP00000053867,9606.ENSP00000240185,0.958
GRN,SLPI,9606.ENSP00000053867,9606.ENSP00000342082,0.934
GRN,HSPG2,9606.ENSP00000053867,9606.ENSP00000363827,0.907
GRN,TMEM106B,9606.ENSP00000053867,9606.ENSP00000379901,0.906
GRN,C9orf72,9606.ENSP00000053867,9606.ENSP00000482753,0.887
GRN,MAPT,9606.ENSP00000053867,9606.ENSP00000340820,0.885
GRN,CTSD,9606.ENSP00000053867,9606.ENSP00000236671,0.866
GRN,PSAP,9606.ENSP00000053867,9606.ENSP00000378394,0.856
GRN,CHMP2B,9606.ENSP00000053867,9606.ENSP00000263780,0.823
GRN,CS,9606.ENSP00000053867,9606.ENSP00000342056,0.807
GRN,SLC25A1,9606.ENSP00000053867,9606.ENSP00000215882,0.803
GRN,TNFRSF1A,9606.ENSP00000053867,9606.ENSP00000162749,0.803
GRN,CXorf56,9606.ENSP00000053867,9606.ENSP00000441786,0.799
GRN,DRG1,9606.ENSP00000053867,9606.ENSP00000329715,0.798
GRN,C15orf40,9606.ENSP00000053867,9606.ENSP00000403987,0.797
GRN,POLE2,9606.ENSP00000053867,9606.ENSP00000216367,0.797
GRN,TNFRSF1B,9606.ENSP00000053867,9606.ENSP00000365435,0.783
GRN,VCP,9606.ENSP00000053867,9606.ENSP00000351777,0.762
GRN,FUS,9606.ENSP00000053867,9606.ENSP00000254108,0.7
APH1B,NCSTN,9606.ENSP00000261879,9606.ENSP00000294785,0.999
APH1B,PSENEN,9606.ENSP00000261879,9606.ENSP00000468411,0.999
APH1B,PSEN2,9606.ENSP00000261879,9606.ENSP00000355747,0.999
APH1B,PSEN1,9606.ENSP00000261879,9606.ENSP00000326366,0.999
APH1B,APH1A,9606.ENSP00000261879,9606.ENSP00000358105,0.975
APH1B,APP,9606.ENSP00000261879,9606.ENSP00000284981,0.866
APH1B,TMED10,9606.ENSP00000261879,9606.ENSP00000303145,0.848
APH1B,NOTCH1,9606.ENSP00000261879,9606.ENSP00000498587,0.763
APH1B,NOTCH3,9606.ENSP00000261879,9606.ENSP00000263388,0.73
APH1B,NOTCH2,9606.ENSP00000261879,9606.ENSP00000256646,0.72
APH1B,NOTCH4,9606.ENSP00000261879,9606.ENSP00000364163,0.72
KCNQ1,KCNE2,9606.ENSP00000155840,9606.ENSP00000290310,0.999
KCNQ1,AKAP9,9606.ENSP00000155840,9606.ENSP00000348573,0.999
KCNQ1,KCNE3,9606.ENSP00000155840,9606.ENSP00000310557,0.999
KCNQ1,KCNE1,9606.ENSP00000155840,9606.ENSP00000382226,0.999
KCNQ1,CALM3,9606.ENSP00000155840,9606.ENSP00000291295,0.999
KCNQ1,KCNJ2,9606.ENSP00000155840,9606.ENSP00000243457,0.992
KCNQ1,CALML3,9606.ENSP00000155840,9606.ENSP00000315299,0.988
KCNQ1,CALML5,9606.ENSP00000155840,9606.ENSP00000369689,0.988
KCNQ1,CALML4,9606.ENSP00000155840,9606.ENSP00000419081,0.985
KCNQ1,CALML6,9606.ENSP00000155840,9606.ENSP00000304643,0.984
KCNQ1,KCNH2,9606.ENSP00000155840,9606.ENSP00000262186,0.983
KCNQ1,SCN5A,9606.ENSP00000155840,9606.ENSP00000328968,0.973
KCNQ1,KCNQ5,9606.ENSP00000155840,9606.ENSP00000345055,0.972
KCNQ1,CALM2,9606.ENSP00000155840,9606.ENSP00000499797,0.97
KCNQ1,PRKACA,9606.ENSP00000155840,9606.ENSP00000309591,0.97
KCNQ1,KCNQ2,9606.ENSP00000155840,9606.ENSP00000352035,0.967
KCNQ1,PRKACB,9606.ENSP00000155840,9606.ENSP00000359719,0.959
KCNQ1,PRKACG,9606.ENSP00000155840,9606.ENSP00000366488,0.959
KCNQ1,KCNJ12,9606.ENSP00000155840,9606.ENSP00000463778,0.954
KCNQ1,SLC12A2,9606.ENSP00000155840,9606.ENSP00000262461,0.95
KCNQ1,ADCY9,9606.ENSP00000155840,9606.ENSP00000294016,0.95
KCNQ1,KCNJ4,9606.ENSP00000155840,9606.ENSP00000306497,0.948
KCNQ1,KCNQ4,9606.ENSP00000155840,9606.ENSP00000262916,0.947
KCNQ1,KCNK5,9606.ENSP00000155840,9606.ENSP00000352527,0.939
KCNQ1,KCNN4,9606.ENSP00000155840,9606.ENSP00000496939,0.936
KCNQ1,KCNQ3,9606.ENSP00000155840,9606.ENSP00000373648,0.934
KCNQ1,KCNJ13,9606.ENSP00000155840,9606.ENSP00000233826,0.934
KCNQ1,KCNE1B,9606.ENSP00000155840,9606.ENSP00000477875,0.932
KCNQ1,KCNJ18,9606.ENSP00000155840,9606.ENSP00000457807,0.928
KCNQ1,KCNE4,9606.ENSP00000155840,9606.ENSP00000281830,0.925
KCNQ1,CDKN1C,9606.ENSP00000155840,9606.ENSP00000413720,0.918
KCNQ1,KCNJ14,9606.ENSP00000155840,9606.ENSP00000375756,0.917
KCNQ1,ADCY3,9606.ENSP00000155840,9606.ENSP00000384484,0.913
KCNQ1,FAU,9606.ENSP00000155840,9606.ENSP00000431822,0.911
KCNQ1,PHLDA2,9606.ENSP00000155840,9606.ENSP00000319231,0.904
KCNQ1,KCNE5,9606.ENSP00000155840,9606.ENSP00000361173,0.872
KCNQ1,SLC22A18,9606.ENSP00000155840,9606.ENSP00000369948,0.869
KCNQ1,NEDD4L,9606.ENSP00000155840,9606.ENSP00000383199,0.848
KCNQ1,CDKAL1,9606.ENSP00000155840,9606.ENSP00000274695,0.833
KCNQ1,IGF2,9606.ENSP00000155840,9606.ENSP00000391826,0.822
KCNQ1,TSSC4,9606.ENSP00000155840,9606.ENSP00000331087,0.819
KCNQ1,ASCL2,9606.ENSP00000155840,9606.ENSP00000332293,0.806
KCNQ1,CACNA1C,9606.ENSP00000155840,9606.ENSP00000266376,0.791
KCNQ1,IGF2R,9606.ENSP00000155840,9606.ENSP00000349437,0.782
KCNQ1,HHEX,9606.ENSP00000155840,9606.ENSP00000282728,0.772
KCNQ1,SLC30A8,9606.ENSP00000155840,9606.ENSP00000415011,0.755
KCNQ1,KCNJ11,9606.ENSP00000155840,9606.ENSP00000345708,0.749
KCNQ1,KCNJ5,9606.ENSP00000155840,9606.ENSP00000433295,0.745
KCNQ1,DYNC1I2,9606.ENSP00000155840,9606.ENSP00000380308,0.743
KCNQ1,IGF2BP2,9606.ENSP00000155840,9606.ENSP00000410242,0.739
HLA-DQA2,CD74,9606.ENSP00000364076,9606.ENSP00000009530,0.992
HLA-DQA2,HLA-DQB1,9606.ENSP00000364076,9606.ENSP00000364080,0.985
HLA-DQA2,CD4,9606.ENSP00000364076,9606.ENSP00000011653,0.961
HLA-DQA2,HLA-DRB1,9606.ENSP00000364076,9606.ENSP00000353099,0.955
HLA-DQA2,HLA-DQB2,9606.ENSP00000364076,9606.ENSP00000396330,0.942
HLA-DQA2,HLA-B,9606.ENSP00000364076,9606.ENSP00000399168,0.936
HLA-DQA2,CD247,9606.ENSP00000364076,9606.ENSP00000354782,0.935
HLA-DQA2,HLA-DPB1,9606.ENSP00000364076,9606.ENSP00000408146,0.932
HLA-DQA2,HLA-DRB5,9606.ENSP00000364076,9606.ENSP00000364114,0.931
HLA-DQA2,LOC102723407,9606.ENSP00000364076,9606.ENSP00000478289,0.93
HLA-DQA2,HLA-C,9606.ENSP00000364076,9606.ENSP00000365402,0.925
HLA-DQA2,HLA-A,9606.ENSP00000364076,9606.ENSP00000379873,0.919
HLA-DQA2,HLA-DOB,9606.ENSP00000364076,9606.ENSP00000496848,0.915
HLA-DQA2,HLA-DMA,9606.ENSP00000364076,9606.ENSP00000363976,0.909
HLA-DQA2,HLA-DMB,9606.ENSP00000364076,9606.ENSP00000398890,0.892
HLA-DQA2,HLA-DRA,9606.ENSP00000364076,9606.ENSP00000378786,0.879
HLA-DQA2,HLA-DPA1,9606.ENSP00000364076,9606.ENSP00000393566,0.859
HLA-DQA2,HLA-E,9606.ENSP00000364076,9606.ENSP00000365817,0.841
HLA-DQA2,HLA-G,9606.ENSP00000364076,9606.ENSP00000366024,0.837
HLA-DQA2,CD3D,9606.ENSP00000364076,9606.ENSP00000300692,0.776
HLA-DQA2,HLA-DQA1,9606.ENSP00000364076,9606.ENSP00000339398,0.753
HLA-DQA2,HLA-DOA,9606.ENSP00000364076,9606.ENSP00000229829,0.742
HLA-DQA2,CD3G,9606.ENSP00000364076,9606.ENSP00000431445,0.741
HLA-DRB1,HLA-DMA,9606.ENSP00000353099,9606.ENSP00000363976,0.999
HLA-DRB1,HLA-DRA,9606.ENSP00000353099,9606.ENSP00000378786,0.999
HLA-DRB1,HLA-DMB,9606.ENSP00000353099,9606.ENSP00000398890,0.997
HLA-DRB1,CD74,9606.ENSP00000353099,9606.ENSP00000009530,0.995
HLA-DRB1,CD4,9606.ENSP00000353099,9606.ENSP00000011653,0.994
HLA-DRB1,HLA-DQA1,9606.ENSP00000353099,9606.ENSP00000339398,0.991
HLA-DRB1,HLA-DPA1,9606.ENSP00000353099,9606.ENSP00000393566,0.979
HLA-DRB1,PTPN22,9606.ENSP00000353099,9606.ENSP00000352833,0.968
HLA-DRB1,HLA-C,9606.ENSP00000353099,9606.ENSP00000365402,0.967
HLA-DRB1,HLA-B,9606.ENSP00000353099,9606.ENSP00000399168,0.963
HLA-DRB1,HLA-DQA2,9606.ENSP00000353099,9606.ENSP00000364076,0.955
HLA-DRB1,HLA-DRB5,9606.ENSP00000353099,9606.ENSP00000364114,0.955
HLA-DRB1,HLA-DOA,9606.ENSP00000353099,9606.ENSP00000229829,0.947
HLA-DRB1,HLA-DOB,9606.ENSP00000353099,9606.ENSP00000496848,0.944
HLA-DRB1,HLA-DPB1,9606.ENSP00000353099,9606.ENSP00000408146,0.943
HLA-DRB1,HLA-A,9606.ENSP00000353099,9606.ENSP00000379873,0.942
HLA-DRB1,ENO1,9606.ENSP00000353099,9606.ENSP00000495530,0.942
HLA-DRB1,HLA-F,9606.ENSP00000353099,9606.ENSP00000259951,0.94
HLA-DRB1,HLA-E,9606.ENSP00000353099,9606.ENSP00000365817,0.939
HLA-DRB1,CAMP,9606.ENSP00000353099,9606.ENSP00000296435,0.934
HLA-DRB1,VIM,9606.ENSP00000353099,9606.ENSP00000446007,0.932
HLA-DRB1,EEF1A1,9606.ENSP00000353099,9606.ENSP00000339063,0.914
HLA-DRB1,EEF1A2,9606.ENSP00000353099,9606.ENSP00000217182,0.908
HLA-DRB1,MLANA,9606.ENSP00000353099,9606.ENSP00000370886,0.906
HLA-DRB1,TPI1,9606.ENSP00000353099,9606.ENSP00000229270,0.904
HLA-DRB1,TPBG,9606.ENSP00000353099,9606.ENSP00000358765,0.902
HLA-DRB1,H2BC13,9606.ENSP00000353099,9606.ENSP00000366618,0.901
HLA-DRB1,H2BU1,9606.ENSP00000353099,9606.ENSP00000479284,0.901
HLA-DRB1,H2BC1,9606.ENSP00000353099,9606.ENSP00000274764,0.901
HLA-DRB1,TNFRSF10A,9606.ENSP00000353099,9606.ENSP00000221132,0.868
HLA-DRB1,TNFRSF25,9606.ENSP00000353099,9606.ENSP00000367013,0.854
HLA-DRB1,MBP,9606.ENSP00000353099,9606.ENSP00000380958,0.851
HLA-DRB1,BTNL2,9606.ENSP00000353099,9606.ENSP00000390613,0.845
HLA-DRB1,TNF,9606.ENSP00000353099,9606.ENSP00000398698,0.842
HLA-DRB1,CILP,9606.ENSP00000353099,9606.ENSP00000261883,0.835
HLA-DRB1,IFNG,9606.ENSP00000353099,9606.ENSP00000229135,0.83
HLA-DRB1,B2M,9606.ENSP00000353099,9606.ENSP00000497910,0.826
HLA-DRB1,INS,9606.ENSP00000353099,9606.ENSP00000380432,0.817
HLA-DRB1,CD8A,9606.ENSP00000353099,9606.ENSP00000386559,0.785
HLA-DRB1,LCP2,9606.ENSP00000353099,9606.ENSP00000046794,0.776
HLA-DRB1,CD3E,9606.ENSP00000353099,9606.ENSP00000354566,0.774
HLA-DRB1,IRF5,9606.ENSP00000353099,9606.ENSP00000418037,0.773
HLA-DRB1,SLC26A3,9606.ENSP00000353099,9606.ENSP00000345873,0.77
HLA-DRB1,PDCD1,9606.ENSP00000353099,9606.ENSP00000335062,0.769
HLA-DRB1,HLA-DQB2,9606.ENSP00000353099,9606.ENSP00000396330,0.765
HLA-DRB1,TOR1A,9606.ENSP00000353099,9606.ENSP00000345719,0.763
HLA-DRB1,C4A,9606.ENSP00000353099,9606.ENSP00000396688,0.761
HLA-DRB1,HLA-DQB1,9606.ENSP00000353099,9606.ENSP00000364080,0.75
HLA-DRB1,LAG3,9606.ENSP00000353099,9606.ENSP00000203629,0.75
HLA-DRB1,CTLA4,9606.ENSP00000353099,9606.ENSP00000497102,0.746
NPAS1,ARNT,9606.ENSP00000469142,9606.ENSP00000351407,0.878
NPAS1,ARNT2,9606.ENSP00000469142,9606.ENSP00000307479,0.767
TREM2,TYROBP,9606.ENSP00000362205,9606.ENSP00000262629,0.999
TREM2,APOE,9606.ENSP00000362205,9606.ENSP00000252486,0.997
TREM2,FCER1G,9606.ENSP00000362205,9606.ENSP00000289902,0.991
TREM2,TREM1,9606.ENSP00000362205,9606.ENSP00000244709,0.987
TREM2,CLU,9606.ENSP00000362205,9606.ENSP00000315130,0.985
TREM2,SYK,9606.ENSP00000362205,9606.ENSP00000364898,0.982
TREM2,TREML1,9606.ENSP00000362205,9606.ENSP00000402855,0.975
TREM2,SIRPA,9606.ENSP00000362205,9606.ENSP00000478763,0.965
TREM2,TREML2,9606.ENSP00000362205,9606.ENSP00000418767,0.962
TREM2,CD33,9606.ENSP00000362205,9606.ENSP00000262262,0.954
TREM2,SIRPG,9606.ENSP00000362205,9606.ENSP00000305529,0.903
TREM2,APP,9606.ENSP00000362205,9606.ENSP00000284981,0.901
TREM2,IGHV3-16,9606.ENSP00000362205,9606.ENSP00000478725,0.9
TREM2,IGKV1D-33,9606.ENSP00000362205,9606.ENSP00000482678,0.9
TREM2,IGKV1-33,9606.ENSP00000362205,9606.ENSP00000479032,0.9
TREM2,PLXNA1,9606.ENSP00000362205,9606.ENSP00000377061,0.898
TREM2,SEMA6D,9606.ENSP00000362205,9606.ENSP00000324857,0.889
TREM2,P2RY12,9606.ENSP00000362205,9606.ENSP00000307259,0.874
TREM2,CSF1R,9606.ENSP00000362205,9606.ENSP00000286301,0.857
TREM2,C1QA,9606.ENSP00000362205,9606.ENSP00000363773,0.854
TREM2,PSEN1,9606.ENSP00000362205,9606.ENSP00000326366,0.853
TREM2,LGALS3,9606.ENSP00000362205,9606.ENSP00000254301,0.821
TREM2,TMEM119,9606.ENSP00000362205,9606.ENSP00000376553,0.814
TREM2,CD68,9606.ENSP00000362205,9606.ENSP00000250092,0.805
TREM2,PLCG2,9606.ENSP00000362205,9606.ENSP00000482457,0.782
TREM2,CD200,9606.ENSP00000362205,9606.ENSP00000420298,0.776
TREM2,ABCA7,9606.ENSP00000362205,9606.ENSP00000263094,0.775
TREM2,CX3CR1,9606.ENSP00000362205,9606.ENSP00000351059,0.767
TREM2,TLR4,9606.ENSP00000362205,9606.ENSP00000363089,0.762
TREM2,LCP2,9606.ENSP00000362205,9606.ENSP00000046794,0.76
TREM2,INPP5D,9606.ENSP00000362205,9606.ENSP00000405338,0.756
TREM2,AIF1,9606.ENSP00000362205,9606.ENSP00000365227,0.752
TREM2,PSEN2,9606.ENSP00000362205,9606.ENSP00000355747,0.752
TREM2,CLEC7A,9606.ENSP00000362205,9606.ENSP00000302569,0.749
TREM2,SPI1,9606.ENSP00000362205,9606.ENSP00000227163,0.735
TREM2,MAPT,9606.ENSP00000362205,9606.ENSP00000340820,0.733
TREM2,CD47,9606.ENSP00000362205,9606.ENSP00000355361,0.729
TREM2,SORL1,9606.ENSP00000362205,9606.ENSP00000260197,0.727
TREM2,CD300LF,9606.ENSP00000362205,9606.ENSP00000462309,0.712
TREM2,FCGR1A,9606.ENSP00000362205,9606.ENSP00000358165,0.711
TREM2,NCR2,9606.ENSP00000362205,9606.ENSP00000362181,0.71
TREM2,IFNG,9606.ENSP00000362205,9606.ENSP00000229135,0.705
CDKN2B,CDK4,9606.ENSP00000276925,9606.ENSP00000257904,0.999
CDKN2B,CDK6,9606.ENSP00000276925,9606.ENSP00000265734,0.999
CDKN2B,CCND1,9606.ENSP00000276925,9606.ENSP00000227507,0.974
CDKN2B,MYC,9606.ENSP00000276925,9606.ENSP00000478887,0.966
CDKN2B,CCND2,9606.ENSP00000276925,9606.ENSP00000261254,0.962
CDKN2B,CDKN2A,9606.ENSP00000276925,9606.ENSP00000418915,0.951
CDKN2B,CCND3,9606.ENSP00000276925,9606.ENSP00000362082,0.946
CDKN2B,CDKN1A,9606.ENSP00000276925,9606.ENSP00000384849,0.89
CDKN2B,TP53,9606.ENSP00000276925,9606.ENSP00000269305,0.86
CDKN2B,CDKN1B,9606.ENSP00000276925,9606.ENSP00000228872,0.859
CDKN2B,CCNL2,9606.ENSP00000276925,9606.ENSP00000383611,0.846
CDKN2B,CDKN1C,9606.ENSP00000276925,9606.ENSP00000413720,0.835
CDKN2B,CEBPB,9606.ENSP00000276925,9606.ENSP00000305422,0.825
CDKN2B,MTAP,9606.ENSP00000276925,9606.ENSP00000494373,0.818
CDKN2B,SMAD4,9606.ENSP00000276925,9606.ENSP00000341551,0.812
CDKN2B,CDK2,9606.ENSP00000276925,9606.ENSP00000266970,0.799
CDKN2B,IGF2BP2,9606.ENSP00000276925,9606.ENSP00000410242,0.773
CDKN2B,CDKN2C,9606.ENSP00000276925,9606.ENSP00000262662,0.751
CDKN2B,SMAD3,9606.ENSP00000276925,9606.ENSP00000332973,0.745
CDKN2B,CBX7,9606.ENSP00000276925,9606.ENSP00000216133,0.737
CDKN2B,SP1,9606.ENSP00000276925,9606.ENSP00000329357,0.727
CDKN2B,CDKN3,9606.ENSP00000276925,9606.ENSP00000335357,0.722
CDKN2B,MDM2,9606.ENSP00000276925,9606.ENSP00000258149,0.72
CDKN2B,SMAD2,9606.ENSP00000276925,9606.ENSP00000262160,0.714
CDKN2B,CDKAL1,9606.ENSP00000276925,9606.ENSP00000274695,0.712
SLC22A18,PHLDA2,9606.ENSP00000369948,9606.ENSP00000319231,0.953
SLC22A18,SLC22A18AS,9606.ENSP00000369948,9606.ENSP00000488024,0.915
SLC22A18,CDKN1C,9606.ENSP00000369948,9606.ENSP00000413720,0.89
SLC22A18,RNF167,9606.ENSP00000369948,9606.ENSP00000262482,0.873
SLC22A18,KCNQ1,9606.ENSP00000369948,9606.ENSP00000155840,0.869
SLC22A18,TSSC4,9606.ENSP00000369948,9606.ENSP00000331087,0.835
SLC22A18,ASCL2,9606.ENSP00000369948,9606.ENSP00000332293,0.794
SLC22A18,IGF2,9606.ENSP00000369948,9606.ENSP00000391826,0.789
SLC22A18,OSBPL5,9606.ENSP00000369948,9606.ENSP00000263650,0.723
