gene_name,ad_score,ad_n_snps,ad_best_snp,ad_rank,t2d_score,t2d_n_snps,t2d_best_snp,t2d_rank,max_score
APOE,0.890264807218955,75.0,rs429358,1.0,0.0,,,,0.890264807218955
APOC1,0.8207278020404015,160.0,rs12691088,2.0,0.0,,,,0.8207278020404015
PVRL2,0.78680112281585,288.0,rs41289512,3.0,0.0,,,,0.78680112281585
CYP27C1,0.7184268178551859,2.0,rs6733839,4.0,0.0,,,,0.7184268178551859
BIN1,0.7184268178551859,119.0,rs6733839,5.0,0.0,,,,0.7184268178551859
COBLL1,0.0,,,,0.7064026625988736,374.0,rs7607980,1.0,0.7064026625988736
PPARG,0.0,,,,0.7055497155369158,120.0,rs1801282,2.0,0.7055497155369158
APOC4-APOC2,0.7037800831160356,30.0,rs1081105,11.0,0.0,,,,0.7037800831160356
CTB-129P6.11,0.7037800831160356,17.0,rs1081105,8.0,0.0,,,,0.7037800831160356
TOMM40,0.7037800831160356,168.0,rs1081105,6.0,0.0,,,,0.7037800831160356
CLPTM1,0.7037800831160356,352.0,rs1081105,7.0,0.0,,,,0.7037800831160356
APOC4,0.7037800831160356,30.0,rs1081105,10.0,0.0,,,,0.7037800831160356
APOC2,0.7037800831160356,75.0,rs1081105,9.0,0.0,,,,0.7037800831160356
APH1B,0.6946626543011625,18.0,rs117618017,12.0,0.0,,,,0.6946626543011625
TCF7L2,0.0,,,,0.694374739434879,60.0,rs7079711,3.0,0.694374739434879
KCNQ1,0.0,,,,0.6910588802052847,150.0,rs116500286,7.0,0.6910588802052847
SLC22A18AS,0.0,,,,0.6910588802052847,12.0,rs116500286,6.0,0.6910588802052847
SLC22A18,0.0,,,,0.6910588802052847,52.0,rs116500286,5.0,0.6910588802052847
CDKN1C,0.0,,,,0.6910588802052847,24.0,rs116500286,4.0,0.6910588802052847
TREM2,0.6904203484705378,9.0,rs143332484,13.0,0.0,,,,0.6904203484705378
ADCY5,0.0,,,,0.67621652945117,45.0,rs11708067,8.0,0.67621652945117
SHARPIN,0.6755582799634977,30.0,rs34173062,14.0,0.0,,,,0.6755582799634977
WFS1,0.0,,,,0.6733448840363176,125.0,rs1801212,9.0,0.6733448840363176
GRN,0.6717788775437625,15.0,rs5848,15.0,0.0,,,,0.6717788775437625
BCL2,0.0,,,,0.6708108982811707,5.0,rs12454712,10.0,0.6708108982811707
UNC5CL,0.6704114441958541,7.0,rs187370608,16.0,0.0,,,,0.6704114441958541
HMG20A,0.0,,,,0.6683946493559001,73.0,rs7177055,11.0,0.6683946493559001
CMIP,0.0,,,,0.6612743366130406,9.0,rs2925979,12.0,0.6612743366130406
ALPK2,0.6599614751866801,6.0,rs76726049,17.0,0.0,,,,0.6599614751866801
ABI3,0.655266638009049,4.0,rs616338,18.0,0.0,,,,0.655266638009049
PLCG2,0.6531921880931673,112.0,rs72824905,19.0,0.0,,,,0.6531921880931673
GLIS3,0.0,,,,0.6518449719901009,39.0,rs4237150,13.0,0.6518449719901009
BCAM,0.650390301341295,70.0,rs4803762,20.0,0.0,,,,0.650390301341295
CBLC,0.650390301341295,10.0,rs4803762,21.0,0.0,,,,0.650390301341295
BCL11A,0.0,,,,0.6499050538638143,3.0,rs243021,14.0,0.6499050538638143
BAG6,0.0,,,,0.6489591981826831,56.0,rs1077394,15.0,0.6489591981826831
ZMIZ1,0.0,,,,0.644434590952472,24.0,rs12571751,16.0,0.644434590952472
ATP8B4,0.6431598510038666,36.0,rs138799625,22.0,0.0,,,,0.6431598510038666
HMGA2,0.0,,,,0.641145380542813,54.0,rs8756,17.0,0.641145380542813
BCL3,0.635777261741456,36.0,rs138573164,23.0,0.0,,,,0.635777261741456
CALCOCO2,0.0,,,,0.6058663844229417,22.0,rs10278,18.0,0.6058663844229417
PAX4,0.0,,,,0.601872991022415,20.0,rs2233580,19.0,0.601872991022415
POC5,0.0,,,,0.6010607283024327,15.0,rs2307111,20.0,0.6010607283024327
GIPR,0.5009481619803339,49.0,rs11666698,32.0,0.5900013648815744,70.0,rs1800437,21.0,0.5900013648815744
FAM13A,0.0,,,,0.5881377645136698,22.0,rs13133548,22.0,0.5881377645136698
CDKN2B,0.0,,,,0.5850864525472343,18.0,rs10965241,23.0,0.5850864525472343
INPP5D,0.5798871790400484,480.0,rs10933431,24.0,0.0,,,,0.5798871790400484
FTO,0.0,,,,0.5599975120195163,184.0,rs1558902,24.0,0.5599975120195163
HESX1,0.5573036624810761,3.0,rs184384746,26.0,0.0,,,,0.5573036624810761
APPL1,0.5573036624810761,8.0,rs184384746,27.0,0.0,,,,0.5573036624810761
IL17RD,0.5573036624810761,6.0,rs184384746,25.0,0.0,,,,0.5573036624810761
AL117190.2,0.0,,,,0.5561808394384614,3.0,rs73347525,25.0,0.5561808394384614
IDUA,0.5433285904738071,11.0,rs3822030,28.0,0.0,,,,0.5433285904738071
ERCC1,0.5362097208667833,34.0,rs28658530,29.0,0.0,,,,0.5362097208667833
KIF11,0.0,,,,0.5224860740527241,11.0,rs112284889,26.0,0.5224860740527241
HNF1B,0.0,,,,0.5143839888600684,20.0,rs7501939,27.0,0.5143839888600684
MNX1,0.0,,,,0.5137790484719676,12.0,rs887609,28.0,0.5137790484719676
ADAMTS9,0.0,,,,0.5071376640093174,10.0,rs9860730,29.0,0.5071376640093174
SNRPD2,0.5009481619803339,56.0,rs11666698,33.0,0.1199677392812864,24.0,rs10408179,171.0,0.5009481619803339
QPCTL,0.5009481619803339,32.0,rs11666698,30.0,0.1199677392812864,16.0,rs10408179,170.0,0.5009481619803339
C19orf83,0.5009481619803339,6.0,rs11666698,31.0,0.1199677392812864,9.0,rs10408179,172.0,0.5009481619803339
EML2,0.5009481619803339,493.0,rs11666698,34.0,0.1199677392812864,87.0,rs10408179,173.0,0.5009481619803339
PICALM,0.4978773100788967,155.0,rs10649400,35.0,0.0,,,,0.4978773100788967
SPI1,0.4918160727086639,212.0,rs199555322,36.0,0.0,,,,0.4918160727086639
JAZF1,0.1656273808334896,40.0,rs4722760,108.0,0.4912998964538201,168.0,rs849134,30.0,0.4912998964538201
TAS2R60,0.4907450588553418,11.0,rs11769559,38.0,0.0,,,,0.4907450588553418
EPHA1,0.4907450588553418,91.0,rs11769559,37.0,0.0,,,,0.4907450588553418
ZYX,0.4907450588553418,110.0,rs11769559,39.0,0.0,,,,0.4907450588553418
UBE2E2,0.0,,,,0.4907290408748957,260.0,rs142915147,31.0,0.4907290408748957
PRDM7,0.4890257032573988,4.0,rs56407236,40.0,0.0,,,,0.4890257032573988
PRC1,0.0,,,,0.4831534751251788,190.0,rs8042680,32.0,0.4831534751251788
ABCA7,0.4824386203016289,176.0,rs200538373,41.0,0.0,,,,0.4824386203016289
ADAMTS4,0.48104977591284,12.0,rs4575098,42.0,0.0,,,,0.48104977591284
TRAPPC6A,0.479515496552849,3.0,rs10410833,43.0,0.0,,,,0.479515496552849
MARK4,0.479515496552849,108.0,rs10410833,44.0,0.0,,,,0.479515496552849
MTNR1B,0.0,,,,0.4794364896679909,6.0,rs1447352,33.0,0.4794364896679909
AC074212.3,0.4733992350139798,6.0,rs76320948,45.0,0.0,,,,0.4733992350139798
GCK,0.0,,,,0.4728120329093122,40.0,rs4607517,34.0,0.4728120329093122
SIX3,0.0,,,,0.4682281324566613,2.0,rs12712928,35.0,0.4682281324566613
SIX2,0.0,,,,0.4682281324566613,2.0,rs12712928,36.0,0.4682281324566613
GRB14,0.0,,,,0.4609711566706789,175.0,rs75536691,37.0,0.4609711566706789
HIF3A,0.4563515391664711,160.0,rs147963283,46.0,0.0,,,,0.4563515391664711
IGFL1,0.4563515391664711,17.0,rs147963283,47.0,0.0,,,,0.4563515391664711
BPTF,0.0,,,,0.4549992275137234,17.0,rs12602912,38.0,0.4549992275137234
FSCN3,0.0,,,,0.4504040474338281,24.0,rs569793831,39.0,0.4504040474338281
NPAS1,0.4374228880916265,16.0,rs201723718,48.0,0.0,,,,0.4374228880916265
SCTR,0.0,,,,0.4323683830954266,3.0,rs3731600,40.0,0.4323683830954266
IGSF23,0.4261057185905622,76.0,rs113571662,49.0,0.0,,,,0.4261057185905622
NKX6-1,0.0,,,,0.40336866226592,52.0,rs117624659,41.0,0.40336866226592
MACF1,0.0,,,,0.3952707210985103,1224.0,rs72066010,42.0,0.3952707210985103
NUS1,0.0,,,,0.3933279368715346,1.0,rs80196932,43.0,0.3933279368715346
MRAS,0.0,,,,0.3900770910668368,8.0,rs9818870,44.0,0.3900770910668368
C12orf65,0.0,,,,0.3846881451961685,7.0,rs1109559,45.0,0.3846881451961685
MPHOSPH9,0.0,,,,0.3846881451961685,25.0,rs1109559,48.0,0.3846881451961685
CDK2AP1,0.0,,,,0.3846881451961685,6.0,rs1109559,47.0,0.3846881451961685
SBNO1,0.0,,,,0.3846881451961685,3.0,rs1109559,46.0,0.3846881451961685
FBXO33,0.3830668450986662,3.0,rs74745468,50.0,0.0,,,,0.3830668450986662
GP2,0.0,,,,0.3796648848132198,51.0,rs117267808,49.0,0.3796648848132198
NFATC2,0.0,,,,0.3767306775023706,8.0,rs3787186,50.0,0.3767306775023706
NFAT5,0.0,,,,0.3757495676683194,10.0,rs1364063,51.0,0.3757495676683194
PTK2B,0.3750430447263638,85.0,rs73223431,51.0,0.0,,,,0.3750430447263638
SEC61G,0.3749224719330651,2.0,rs74504435,52.0,0.0,,,,0.3749224719330651
ZNF225,0.3654054301756577,48.0,rs16978738,53.0,0.0,,,,0.3654054301756577
CCND2,0.0,,,,0.3634564644198784,29.0,rs12822620,52.0,0.3634564644198784
MS4A4E,0.3611569618565297,39.0,rs610352,54.0,0.0,,,,0.3611569618565297
CLU,0.3605479419216555,17.0,rs867230,55.0,0.0,,,,0.3605479419216555
CEACAM4,0.3561994189779809,2.0,rs554656615,58.0,0.0,,,,0.3561994189779809
CEACAM21,0.3561994189779809,5.0,rs554656615,56.0,0.0,,,,0.3561994189779809
CEACAM7,0.3561994189779809,8.0,rs554656615,57.0,0.0,,,,0.3561994189779809
KCNJ11,0.0,,,,0.3525541457962806,10.0,rs5219,53.0,0.3525541457962806
ATG16L1,0.0,,,,0.3493319043532495,17.0,rs117809958,54.0,0.3493319043532495
GNAS,0.0,,,,0.348246165426348,51.0,rs11477757,55.0,0.348246165426348
CTSB,0.3475543232442558,31.0,rs1065712,59.0,0.0,,,,0.3475543232442558
GLP1R,0.0,,,,0.3462123132444028,6.0,rs742762,56.0,0.3462123132444028
ASCC2,0.0,,,,0.3450293960101034,17.0,rs28265,57.0,0.3450293960101034
FAIM2,0.0,,,,0.3423853925183655,7.0,rs77978149,58.0,0.3423853925183655
DISP2,0.0,,,,0.3333170075524846,9.0,rs12907887,59.0,0.3333170075524846
PLCB2,0.0,,,,0.3333170075524846,45.0,rs12907887,60.0,0.3333170075524846
ANKRD63,0.0,,,,0.3333170075524846,3.0,rs12907887,62.0,0.3333170075524846
RP11-133K1.2,0.0,,,,0.3333170075524846,8.0,rs12907887,63.0,0.3333170075524846
C15orf52,0.0,,,,0.3333170075524846,21.0,rs12907887,64.0,0.3333170075524846
PAK6,0.0,,,,0.3333170075524846,36.0,rs12907887,65.0,0.3333170075524846
PHGR1,0.0,,,,0.3333170075524846,3.0,rs12907887,61.0,0.3333170075524846
IGF1R,0.0,,,,0.3298667085013868,17.0,rs79826452,66.0,0.3298667085013868
CDC123,0.0,,,,0.3192957956189899,9.0,rs11257655,67.0,0.3192957956189899
KIAA0125,0.3090601777665741,9.0,rs28577986,60.0,0.0,,,,0.3090601777665741
IGFL4,0.3029998157835958,52.0,rs59430794,61.0,0.0,,,,0.3029998157835958
PGLYRP1,0.3029998157835958,8.0,rs59430794,62.0,0.0,,,,0.3029998157835958
CCDC61,0.3029998157835958,56.0,rs59430794,63.0,0.0,,,,0.3029998157835958
R3HDM4,0.2959005546644077,42.0,rs572028460,64.0,0.0,,,,0.2959005546644077
KCNH6,0.2899690138714867,15.0,rs4292,65.0,0.0,,,,0.2899690138714867
TANC2,0.2899690138714867,70.0,rs4292,66.0,0.0,,,,0.2899690138714867
ACE,0.2899690138714867,140.0,rs4292,67.0,0.0,,,,0.2899690138714867
CYB561,0.2899690138714867,133.0,rs4292,68.0,0.0,,,,0.2899690138714867
PEPD,0.0,,,,0.2890214384781276,169.0,rs4805885,68.0,0.2890214384781276
SPDYE3,0.283348089077874,2.0,rs7384878,69.0,0.0,,,,0.283348089077874
PILRA,0.283348089077874,5.0,rs7384878,71.0,0.0,,,,0.283348089077874
PILRB,0.283348089077874,12.0,rs7384878,70.0,0.0,,,,0.283348089077874
FERMT2,0.2818380301280569,507.0,rs17125944,72.0,0.0,,,,0.2818380301280569
TSPAN8,0.0,,,,0.2798499099574074,7.0,rs4760790,69.0,0.2798499099574074
INSR,0.0,,,,0.2796531681253251,7.0,rs8101064,70.0,0.2796531681253251
ZNF703,0.0,,,,0.2768944503182953,7.0,rs12680217,71.0,0.2768944503182953
SLC12A8,0.0,,,,0.2709404247375749,34.0,rs12497133,72.0,0.2709404247375749
ZNF230,0.2699455883463646,40.0,rs76261208,73.0,0.0,,,,0.2699455883463646
ZNF208,0.0,,,,0.2693001758961068,4.0,rs142395395,73.0,0.2693001758961068
TRIM31,0.0,,,,0.2689853026621838,8.0,rs6915823,74.0,0.2689853026621838
CTD-3105H18.14,0.0,,,,0.2675532355364347,1.0,rs4804181,77.0,0.2675532355364347
ZNF799,0.0,,,,0.2675532355364347,4.0,rs4804181,75.0,0.2675532355364347
CTD-3105H18.16,0.0,,,,0.2675532355364347,1.0,rs4804181,76.0,0.2675532355364347
TLE4,0.0,,,,0.2628008408250893,10.0,rs13292262,78.0,0.2628008408250893
SPRY2,0.0,,,,0.2578872414157248,1.0,rs1215468,79.0,0.2578872414157248
AC010336.1,0.0,,,,0.2557684314806771,1.0,rs2115107,80.0,0.2557684314806771
CR1,0.2547488279594966,112.0,rs6656401,74.0,0.0,,,,0.2547488279594966
MTMR3,0.0,,,,0.2519725571842506,12.0,rs41278853,81.0,0.2519725571842506
AC008394.1,0.2500381639678674,6.0,rs62375397,75.0,0.0,,,,0.2500381639678674
KLHL42,0.0,,,,0.2484293663793691,16.0,rs10842992,82.0,0.2484293663793691
MANSC4,0.0,,,,0.2484293663793691,4.0,rs10842992,83.0,0.2484293663793691
DGKB,0.0,,,,0.2472441444298022,104.0,rs2191349,84.0,0.2472441444298022
LILRB3,0.244127804886603,16.0,rs12984029,80.0,0.0,,,,0.244127804886603
LILRB2,0.244127804886603,14.0,rs12984029,76.0,0.0,,,,0.244127804886603
LILRA3,0.244127804886603,6.0,rs12984029,77.0,0.0,,,,0.244127804886603
LILRA5,0.244127804886603,5.0,rs12984029,78.0,0.0,,,,0.244127804886603
LILRA6,0.244127804886603,12.0,rs12984029,79.0,0.0,,,,0.244127804886603
RPS9,0.244127804886603,18.0,rs12984029,82.0,0.0,,,,0.244127804886603
LILRB5,0.244127804886603,12.0,rs12984029,81.0,0.0,,,,0.244127804886603
ZNF100,0.0,,,,0.2440410576709074,5.0,rs150182828,85.0,0.2440410576709074
PSG9,0.2433416821557184,18.0,rs62113693,83.0,0.0,,,,0.2433416821557184
PRKD2,0.2425028594310586,34.0,rs184588552,84.0,0.0,,,,0.2425028594310586
RASGEF1C,0.2422309658618122,24.0,rs113706587,85.0,0.0,,,,0.2422309658618122
EHMT2,0.0,,,,0.2406311383661145,12.0,rs115884658,86.0,0.2406311383661145
PROX1,0.0,,,,0.2401876345717106,14.0,rs340875,87.0,0.2401876345717106
CD2AP,0.2383444010369351,105.0,rs9381563,86.0,0.0,,,,0.2383444010369351
IKZF2,0.0,,,,0.2353999206511345,9.0,rs75179644,88.0,0.2353999206511345
ADAM10,0.2339861040876698,160.0,rs653765,87.0,0.0,,,,0.2339861040876698
PVR,0.2319695124822661,35.0,rs2357101,88.0,0.0,,,,0.2319695124822661
ARAP1,0.0,,,,0.2309694971820277,200.0,rs1552224,89.0,0.2309694971820277
ETV1,0.0,,,,0.2295955916274525,168.0,rs7787720,90.0,0.2295955916274525
C10orf115,0.0,,,,0.2285997558107009,4.0,rs77065181,91.0,0.2285997558107009
PTF1A,0.0,,,,0.2285997558107009,1.0,rs77065181,92.0,0.2285997558107009
HLA-DRB5,0.2271063806533335,9.0,rs72844190,89.0,0.0340372727597094,13.0,rs12204922,325.0,0.2271063806533335
HLA-DRB1,0.2271063806533335,99.0,rs72844190,90.0,0.0,,,,0.2271063806533335
HMGA1,0.0,,,,0.2245652365396286,124.0,rs117741261,93.0,0.2245652365396286
SSR1,0.0,,,,0.2200809460311357,10.0,rs9505118,94.0,0.2200809460311357
CNTNAP2,0.2182192910024675,52.0,rs114360492,91.0,0.0,,,,0.2182192910024675
FGFR1,0.0,,,,0.2181018236671984,35.0,rs328301,95.0,0.2181018236671984
C8orf86,0.0,,,,0.2181018236671984,2.0,rs328301,96.0,0.2181018236671984
LEP,0.0,,,,0.2180423030814883,3.0,rs4728092,97.0,0.2180423030814883
JPH1,0.0,,,,0.2180041443327524,21.0,rs3780012,98.0,0.2180041443327524
RNF6,0.0,,,,0.2174659681732704,16.0,rs34584161,99.0,0.2174659681732704
RNF43,0.2156049584323821,9.0,rs2526377,92.0,0.0,,,,0.2156049584323821
SUPT4H1,0.2156049584323821,7.0,rs2526377,93.0,0.0,,,,0.2156049584323821
BZRAP1,0.2156049584323821,12.0,rs2526377,94.0,0.0,,,,0.2156049584323821
APP,0.2155305471596153,292.0,rs469420,95.0,0.0,,,,0.2155305471596153
JADE2,0.0,,,,0.2146361338908383,30.0,rs329122,100.0,0.2146361338908383
PITPNC1,0.0,,,,0.2127242251625363,14.0,rs2706710,101.0,0.2127242251625363
WDR11,0.0,,,,0.2122742478695869,50.0,rs2250266,102.0,0.2122742478695869
ZNF234,0.2121414280675365,144.0,rs181817835,96.0,0.0,,,,0.2121414280675365
SLC2A2,0.0,,,,0.2100898145328864,35.0,rs7642480,104.0,0.2100898145328864
EIF5A2,0.0,,,,0.2100898145328864,28.0,rs7642480,103.0,0.2100898145328864
EXOC3L2,0.2077776606947276,12.0,rs10411314,97.0,0.0,,,,0.2077776606947276
HS3ST1,0.2055636202652487,15.0,rs11728636,98.0,0.0,,,,0.2055636202652487
C14orf166B,0.0,,,,0.2044533341574502,95.0,rs45536531,105.0,0.2044533341574502
C10orf40,0.2031011777703495,9.0,rs723212,99.0,0.0,,,,0.2031011777703495
CEACAM16,0.2027874572017907,6.0,rs189395229,100.0,0.0,,,,0.2027874572017907
CDKAL1,0.0,,,,0.2008659368149318,54.0,rs10440833,106.0,0.2008659368149318
FGF9,0.0,,,,0.1989246907449536,17.0,rs9509965,107.0,0.1989246907449536
DMRTA1,0.0,,,,0.1983150942044046,25.0,rs1327045,108.0,0.1983150942044046
GEMIN7,0.1968770198490004,10.0,rs139713267,101.0,0.0,,,,0.1968770198490004
HCG27,0.0,,,,0.1966664962240347,64.0,rs3869115,109.0,0.1966664962240347
HLA-C,0.0,,,,0.1966664962240347,128.0,rs3869115,110.0,0.1966664962240347
TYROBP,0.1958289927290341,8.0,rs1426557332,102.0,0.0,,,,0.1958289927290341
AC112693.2,0.0,,,,0.1954920424437121,1.0,rs61021634,111.0,0.1954920424437121
MED16,0.1951689103518549,32.0,rs573965997,103.0,0.0,,,,0.1951689103518549
CAMK2B,0.0,,,,0.1949270905296257,24.0,rs35452727,112.0,0.1949270905296257
GNPDA2,0.0,,,,0.1944489432051785,6.0,rs10938398,113.0,0.1944489432051785
ZNF227,0.1936365756628141,423.0,rs10422555,104.0,0.0,,,,0.1936365756628141
FGFR4,0.0,,,,0.1928679624461403,234.0,rs3135911,114.0,0.1928679624461403
ZNF257,0.0,,,,0.1925481187086331,12.0,rs62112362,115.0,0.1925481187086331
AC022431.2,0.0,,,,0.1897788495898097,4.0,rs392794,116.0,0.1897788495898097
BBIP1,0.0,,,,0.1877479417077648,8.0,rs7895872,117.0,0.1877479417077648
PELO,0.0,,,,0.186511206933525,1.0,rs10940253,118.0,0.186511206933525
LRFN2,0.185225978872535,1.0,rs192675224,105.0,0.0,,,,0.185225978872535
IGF2BP2,0.0,,,,0.184226002397877,165.0,rs6765808,119.0,0.184226002397877
CUX2,0.0,,,,0.1823926075038952,3.0,rs149212747,120.0,0.1823926075038952
SH2B3,0.0,,,,0.1823926075038952,3.0,rs149212747,122.0,0.1823926075038952
FAM109A,0.0,,,,0.1823926075038952,5.0,rs149212747,121.0,0.1823926075038952
SLC30A8,0.0,,,,0.1819141400289894,9.0,rs11558471,123.0,0.1819141400289894
BAK1,0.0,,,,0.181356906820546,9.0,rs210148,126.0,0.181356906820546
ITPR3,0.0,,,,0.181356906820546,2.0,rs210148,125.0,0.181356906820546
GGNBP1,0.0,,,,0.181356906820546,1.0,rs210148,124.0,0.181356906820546
ATXN7,0.0,,,,0.1806308252803881,36.0,rs6785040,127.0,0.1806308252803881
NFKBID,0.1805478287315163,12.0,rs1244787406,106.0,0.0,,,,0.1805478287315163
KSR2,0.0,,,,0.179149098339821,65.0,rs79310463,128.0,0.179149098339821
FAM185A,0.0,,,,0.1779347461513664,133.0,rs147397718,129.0,0.1779347461513664
SPON2,0.0,,,,0.1757637133754518,21.0,rs72501962,130.0,0.1757637133754518
MAEA,0.0,,,,0.1757637133754518,34.0,rs72501962,131.0,0.1757637133754518
CTBP1,0.0,,,,0.1757637133754518,36.0,rs72501962,132.0,0.1757637133754518
MISP,0.1693889097827962,8.0,rs192894783,107.0,0.0,,,,0.1693889097827962
AZU1,0.1655451241917464,18.0,rs111833005,109.0,0.0,,,,0.1655451241917464
MAP2K5,0.0,,,,0.1608551604450977,12.0,rs4776970,133.0,0.1608551604450977
POU5F1,0.0,,,,0.1602805084978256,30.0,rs3132520,134.0,0.1602805084978256
CEA,0.1579307078865091,2.0,rs1274623634,110.0,0.0,,,,0.1579307078865091
CEACAM5,0.1579307078865091,7.0,rs1274623634,111.0,0.0,,,,0.1579307078865091
ASAH1,0.0,,,,0.157017872201784,390.0,rs35513736,135.0,0.157017872201784
KCNU1,0.0,,,,0.1567101431373651,14.0,rs56687477,136.0,0.1567101431373651
VWA5B1,0.0,,,,0.1554557239803542,30.0,rs12566008,137.0,0.1554557239803542
ZNF226,0.1549926179608313,600.0,rs772864332,113.0,0.0,,,,0.1549926179608313
ZNF235,0.1549926179608313,186.0,rs772864332,112.0,0.0,,,,0.1549926179608313
CENPW,0.0,,,,0.1547579975464914,2.0,rs58321169,138.0,0.1547579975464914
KL,0.0,,,,0.1541173929829241,6.0,rs488321,139.0,0.1541173929829241
PALM,0.1529004007629875,88.0,rs116144907,114.0,0.0,,,,0.1529004007629875
MME,0.1515865826608644,14.0,rs76207154,115.0,0.0,,,,0.1515865826608644
OPLAH,0.1508242190016084,10.0,rs61732533,116.0,0.0,,,,0.1508242190016084
MUC22,0.0,,,,0.1506794759535515,10.0,rs76541615,140.0,0.1506794759535515
CEACAM19,0.1504607941220394,5.0,rs186110295,117.0,0.0,,,,0.1504607941220394
HLA-DQA1,0.149232870075364,616.0,rs6605556,119.0,0.0,,,,0.149232870075364
HLA-DQB1,0.149232870075364,266.0,rs6605556,118.0,0.0303415225896451,7.0,rs117891841,337.0,0.149232870075364
EED,0.1483387065713839,6.0,rs10792831,120.0,0.0,,,,0.1483387065713839
TSPAN14,0.1470617527054246,63.0,rs7922621,121.0,0.0,,,,0.1470617527054246
MYBPC3,0.1416699659424177,17.0,rs11500477,122.0,0.0,,,,0.1416699659424177
SLC39A13,0.1416699659424177,442.0,rs11500477,123.0,0.0,,,,0.1416699659424177
PSMC3,0.1416699659424177,363.0,rs11500477,124.0,0.0,,,,0.1416699659424177
NKX6-3,0.0,,,,0.1397151581511952,8.0,rs4736819,143.0,0.1397151581511952
AGPAT6,0.0,,,,0.1397151581511952,44.0,rs4736819,142.0,0.1397151581511952
ANK1,0.0,,,,0.1397151581511952,60.0,rs4736819,141.0,0.1397151581511952
HHEX,0.0,,,,0.1394610875795037,48.0,rs58534496,144.0,0.1394610875795037
NCR2,0.138991015922826,3.0,rs182420021,125.0,0.0,,,,0.138991015922826
ZNF284,0.1374308517553503,5.0,rs16978665,126.0,0.0,,,,0.1374308517553503
ZNF223,0.1374308517553503,38.0,rs16978665,127.0,0.0,,,,0.1374308517553503
ZNF224,0.1374308517553503,48.0,rs16978665,128.0,0.0,,,,0.1374308517553503
IRGC,0.1367773496345684,2.0,rs139552503,129.0,0.0,,,,0.1367773496345684
PLAUR,0.1367773496345684,32.0,rs139552503,130.0,0.0,,,,0.1367773496345684
SMG9,0.1367773496345684,12.0,rs139552503,131.0,0.0,,,,0.1367773496345684
ARF5,0.0,,,,0.1352789293399963,12.0,rs3757787,145.0,0.1352789293399963
GCC1,0.0,,,,0.1352789293399963,6.0,rs3757787,146.0,0.1352789293399963
SND1,0.0,,,,0.1352789293399963,48.0,rs3757787,147.0,0.1352789293399963
ABCC8,0.0,,,,0.13322089080196,38.0,rs4148646,148.0,0.13322089080196
DNASE1,0.0,,,,0.1330659822017841,60.0,rs2077235,149.0,0.1330659822017841
CLUAP1,0.0,,,,0.1330659822017841,70.0,rs2077235,150.0,0.1330659822017841
SLX4,0.0,,,,0.1330659822017841,21.0,rs2077235,151.0,0.1330659822017841
POLR2E,0.1327932678637532,18.0,rs559324022,135.0,0.0,,,,0.1327932678637532
HMHA1,0.1327932678637532,128.0,rs559324022,134.0,0.0,,,,0.1327932678637532
GPX4,0.1327932678637532,9.0,rs559324022,133.0,0.0,,,,0.1327932678637532
SBNO2,0.1327932678637532,9.0,rs559324022,132.0,0.0,,,,0.1327932678637532
ZNF233,0.1308102670436686,54.0,rs10153465,136.0,0.0,,,,0.1308102670436686
SAG,0.0,,,,0.1307191342140984,15.0,rs117637393,152.0,0.1307191342140984
TMEM259,0.1297826676851674,30.0,rs545725335,137.0,0.0,,,,0.1297826676851674
BDNF,0.0,,,,0.1294222226124121,90.0,rs10767664,153.0,0.1294222226124121
AUTS2,0.0,,,,0.1283666371397347,1056.0,rs6974900,154.0,0.1283666371397347
C17orf49,0.0,,,,0.1283032731000096,54.0,rs186568031,159.0,0.1283032731000096
CLEC10A,0.0,,,,0.1283032731000096,36.0,rs186568031,158.0,0.1283032731000096
RNASEK,0.0,,,,0.1283032731000096,48.0,rs186568031,155.0,0.1283032731000096
AC027763.2,0.0,,,,0.1283032731000096,36.0,rs186568031,157.0,0.1283032731000096
SLC16A13,0.0,,,,0.1283032731000096,12.0,rs186568031,160.0,0.1283032731000096
BCL6B,0.0,,,,0.1283032731000096,36.0,rs186568031,161.0,0.1283032731000096
AC040977.1,0.0,,,,0.1283032731000096,6.0,rs186568031,162.0,0.1283032731000096
ALOX12,0.0,,,,0.1283032731000096,18.0,rs186568031,163.0,0.1283032731000096
RNASEK-C17orf49,0.0,,,,0.1283032731000096,24.0,rs186568031,164.0,0.1283032731000096
SLC16A11,0.0,,,,0.1283032731000096,27.0,rs186568031,156.0,0.1283032731000096
FDFT1,0.1279493668545496,21.0,rs200518989,138.0,0.0,,,,0.1279493668545496
CCND1,0.0,,,,0.1269613819140049,60.0,rs602652,165.0,0.1269613819140049
ARID3A,0.1269309097372106,8.0,rs181925026,139.0,0.0,,,,0.1269309097372106
TMEM258,0.0,,,,0.1269239609553079,8.0,rs102275,166.0,0.1269239609553079
GOPC,0.0,,,,0.1259499949974619,4.0,rs1827327,167.0,0.1259499949974619
EPC2,0.0,,,,0.1253055344057087,150.0,rs59505782,168.0,0.1253055344057087
FAM131B,0.1251178688200982,9.0,rs11767557,140.0,0.0,,,,0.1251178688200982
PSG8,0.1234520410937575,27.0,rs1431055149,141.0,0.0,,,,0.1234520410937575
TREML4,0.1233633106730368,48.0,rs3857580,142.0,0.0,,,,0.1233633106730368
TREML2,0.1233633106730368,8.0,rs3857580,143.0,0.0,,,,0.1233633106730368
TREM1,0.1233633106730368,30.0,rs3857580,144.0,0.0,,,,0.1233633106730368
C6orf1,0.0,,,,0.1228440084681104,203.0,rs4711389,169.0,0.1228440084681104
ECHDC3,0.1213789793022545,1.0,rs12358692,145.0,0.0,,,,0.1213789793022545
PTBP1,0.1204384087646837,171.0,rs187989195,146.0,0.0,,,,0.1204384087646837
LPPR3,0.1204384087646837,21.0,rs187989195,147.0,0.0,,,,0.1204384087646837
KCNK16,0.0,,,,0.1196019113808257,48.0,rs11756070,174.0,0.1196019113808257
KIF6,0.0,,,,0.11880222566654,9.0,rs34247110,176.0,0.11880222566654
KCNK17,0.0,,,,0.11880222566654,6.0,rs34247110,175.0,0.11880222566654
HLA-DQB2,0.1180849821693182,28.0,rs3997854,149.0,0.0307753146673632,48.0,rs2859073,335.0,0.1180849821693182
HLA-DQA2,0.1180849821693182,7.0,rs3997854,148.0,0.0307753146673632,11.0,rs2859073,336.0,0.1180849821693182
TEX101,0.1179485275573006,32.0,rs188055150,150.0,0.0,,,,0.1179485275573006
ZNF180,0.117146100632901,14.0,rs149817049,151.0,0.0,,,,0.117146100632901
KIAA1875,0.1171364430677705,4.0,rs60394484,158.0,0.0,,,,0.1171364430677705
EXOSC4,0.1171364430677705,3.0,rs60394484,157.0,0.0,,,,0.1171364430677705
MAF1,0.1171364430677705,6.0,rs60394484,156.0,0.0,,,,0.1171364430677705
GPAA1,0.1171364430677705,18.0,rs60394484,155.0,0.0,,,,0.1171364430677705
CYC1,0.1171364430677705,4.0,rs60394484,154.0,0.0,,,,0.1171364430677705
SPATC1,0.1171364430677705,2.0,rs60394484,153.0,0.0,,,,0.1171364430677705
PARP10,0.1171364430677705,21.0,rs60394484,152.0,0.0,,,,0.1171364430677705
TFRC,0.0,,,,0.1163393034585657,120.0,rs74289356,177.0,0.1163393034585657
NOVA2,0.1156680651343077,12.0,rs140638562,159.0,0.0,,,,0.1156680651343077
PGM1,0.0,,,,0.1152184398701726,80.0,rs11208257,178.0,0.1152184398701726
RAPSN,0.1150585261820479,115.0,rs10838702,160.0,0.0,,,,0.1150585261820479
ZNF155,0.1139901285399318,104.0,rs74260441,161.0,0.0,,,,0.1139901285399318
ZNF45,0.1135916335872958,45.0,rs191842830,162.0,0.0,,,,0.1135916335872958
ZNF221,0.1135916335872958,33.0,rs191842830,163.0,0.0,,,,0.1135916335872958
ZNF404,0.1135916335872958,24.0,rs191842830,164.0,0.0,,,,0.1135916335872958
ZNF503,0.0,,,,0.1134538880819566,14.0,rs12776915,179.0,0.1134538880819566
CRIPAK,0.0,,,,0.1101974225406037,3.0,rs4246688,182.0,0.1101974225406037
UVSSA,0.0,,,,0.1101974225406037,24.0,rs4246688,181.0,0.1101974225406037
NKX1-1,0.0,,,,0.1101974225406037,3.0,rs4246688,180.0,0.1101974225406037
TFAP2B,0.0,,,,0.1101356055878473,3.0,rs2206271,183.0,0.1101356055878473
TFAP2D,0.0,,,,0.1101356055878473,2.0,rs2206271,184.0,0.1101356055878473
FLJ27365,0.0,,,,0.1101338724136682,4.0,rs7289813,185.0,0.1101338724136682
WNT7B,0.0,,,,0.1094660372572495,40.0,rs28637892,186.0,0.1094660372572495
TRIB1,0.0,,,,0.1080712501335416,20.0,rs60089934,187.0,0.1080712501335416
CEBPB,0.0,,,,0.108057802843144,5.0,rs13040225,188.0,0.108057802843144
ZNF229,0.1069823185643269,10.0,rs141069725,165.0,0.0,,,,0.1069823185643269
SPPL3,0.0,,,,0.1067002754758974,8.0,rs187150787,189.0,0.1067002754758974
TLE1,0.0,,,,0.1066842142963003,1.0,rs10780510,190.0,0.1066842142963003
ZNF112,0.104125860029418,5.0,rs140989912,168.0,0.0,,,,0.104125860029418
CTC-512J12.6,0.104125860029418,1.0,rs140989912,166.0,0.0,,,,0.104125860029418
ZNF285,0.104125860029418,5.0,rs140989912,167.0,0.0,,,,0.104125860029418
NUCB2,0.0,,,,0.1039242431500697,16.0,rs7124355,192.0,0.1039242431500697
NCR3LG1,0.0,,,,0.1039242431500697,2.0,rs7124355,191.0,0.1039242431500697
RELB,0.103825815586831,30.0,rs188643879,169.0,0.0,,,,0.103825815586831
HERC2,0.0,,,,0.103581895345268,12.0,rs76704029,193.0,0.103581895345268
CLEC14A,0.0,,,,0.1030892080175769,28.0,rs8003776,194.0,0.1030892080175769
PTEN,0.0,,,,0.1028361525953879,140.0,rs1234213,195.0,0.1028361525953879
CASR,0.0,,,,0.1025429582053889,8.0,rs7635354,196.0,0.1025429582053889
KLF16,0.1021663064948935,12.0,rs149080927,170.0,0.0,,,,0.1021663064948935
RP11-366L20.2,0.0,,,,0.1000013259603391,12.0,rs343092,197.0,0.1000013259603391
GPR111,0.0998147254290558,4.0,rs1385742,171.0,0.0,,,,0.0998147254290558
KLC3,0.0990414103681395,7.0,rs60152947,172.0,0.0,,,,0.0990414103681395
L47234.1,0.0990414103681395,1.0,rs60152947,173.0,0.0,,,,0.0990414103681395
CKM,0.0990414103681395,1.0,rs60152947,174.0,0.0,,,,0.0990414103681395
PPP1R13L,0.0990414103681395,9.0,rs60152947,175.0,0.0,,,,0.0990414103681395
ERCC2,0.0990414103681395,24.0,rs60152947,176.0,0.0,,,,0.0990414103681395
GPSM1,0.0,,,,0.0985227173886384,55.0,rs58602428,198.0,0.0985227173886384
POU2F2,0.0983149662356135,17.0,rs181249565,177.0,0.0,,,,0.0983149662356135
FAF1,0.0,,,,0.0973993273724416,654.0,rs112108602,199.0,0.0973993273724416
TMEM18,0.0,,,,0.0968751467458714,728.0,rs11127489,200.0,0.0968751467458714
MC4R,0.0,,,,0.0960256612835138,12.0,rs663129,201.0,0.0960256612835138
KANSL1,0.0951330026475129,4369.0,rs7225002,178.0,0.0,,,,0.0951330026475129
SLC1A5,0.0943899602321017,24.0,rs533944662,180.0,0.0,,,,0.0943899602321017
AP2S1,0.0943899602321017,60.0,rs533944662,179.0,0.0,,,,0.0943899602321017
RABEP1,0.0936351507997578,342.0,rs57402520,183.0,0.0,,,,0.0936351507997578
ZNF594,0.0936351507997578,12.0,rs57402520,182.0,0.0,,,,0.0936351507997578
SCIMP,0.0936351507997578,22.0,rs57402520,181.0,0.0,,,,0.0936351507997578
MYPOP,0.0936117954100028,4.0,rs753105075,185.0,0.0,,,,0.0936117954100028
FOXA3,0.0936117954100028,6.0,rs753105075,188.0,0.0,,,,0.0936117954100028
IRF2BP1,0.0936117954100028,4.0,rs753105075,186.0,0.0,,,,0.0936117954100028
NANOS2,0.0936117954100028,4.0,rs753105075,184.0,0.0,,,,0.0936117954100028
SYMPK,0.0936117954100028,36.0,rs753105075,187.0,0.0,,,,0.0936117954100028
FKRP,0.0935021005374925,27.0,rs532692678,189.0,0.0,,,,0.0935021005374925
HIVEP2,0.0,,,,0.0933435831701936,8.0,rs9390022,202.0,0.0933435831701936
PSG6,0.0916403891373158,16.0,rs141657405,190.0,0.0,,,,0.0916403891373158
SLC35D3,0.0,,,,0.0912875502575392,8.0,rs35389258,204.0,0.0912875502575392
IL20RA,0.0,,,,0.0912875502575392,48.0,rs35389258,203.0,0.0912875502575392
NOTCH4,0.0,,,,0.0891195693343085,18.0,rs3130292,205.0,0.0891195693343085
NFYA,0.0890056829665069,4.0,rs146846084,192.0,0.0,,,,0.0890056829665069
OARD1,0.0890056829665069,45.0,rs146846084,191.0,0.0,,,,0.0890056829665069
ZNF800,0.0,,,,0.0869451553944548,7.0,rs138455873,206.0,0.0869451553944548
CLASRP,0.0847515116697988,56.0,rs74800719,193.0,0.0,,,,0.0847515116697988
CCDC9,0.0846982416256401,12.0,rs192508783,194.0,0.0,,,,0.0846982416256401
BBC3,0.0846982416256401,12.0,rs192508783,195.0,0.0,,,,0.0846982416256401
SAE1,0.0846982416256401,24.0,rs192508783,196.0,0.0,,,,0.0846982416256401
TH,0.0,,,,0.0843125616568169,14.0,rs7951222,208.0,0.0843125616568169
INS,0.0,,,,0.0843125616568169,10.0,rs7951222,209.0,0.0843125616568169
IGF2,0.0,,,,0.0843125616568169,16.0,rs7951222,207.0,0.0843125616568169
INS-IGF2,0.0,,,,0.0843125616568169,6.0,rs7951222,210.0,0.0843125616568169
SNX31,0.0832313899773486,7.0,rs1693568,197.0,0.0,,,,0.0832313899773486
PABPC1,0.0832313899773486,22.0,rs1693568,198.0,0.0,,,,0.0832313899773486
FAM63B,0.0832212523246312,20.0,rs593742,199.0,0.0,,,,0.0832212523246312
PSORS1C2,0.0,,,,0.0830477604069112,3.0,rs2233965,216.0,0.0830477604069112
PSORS1C1,0.0,,,,0.0830477604069112,48.0,rs2233965,215.0,0.0830477604069112
CDSN,0.0,,,,0.0830477604069112,6.0,rs2233965,213.0,0.0830477604069112
TCF19,0.0,,,,0.0830477604069112,12.0,rs2233965,212.0,0.0830477604069112
C6orf15,0.0,,,,0.0830477604069112,7.0,rs2233965,211.0,0.0830477604069112
CCHCR1,0.0,,,,0.0830477604069112,138.0,rs2233965,214.0,0.0830477604069112
ANK3,0.0827079028187735,46.0,rs6479689,200.0,0.0,,,,0.0827079028187735
OPA3,0.0824723179167402,6.0,rs73942917,201.0,0.0,,,,0.0824723179167402
ARHGAP35,0.0821681082592793,25.0,rs145612958,202.0,0.0,,,,0.0821681082592793
DMRT2,0.0,,,,0.0807236882519499,12.0,rs1016565,218.0,0.0807236882519499
DMRT3,0.0,,,,0.0807236882519499,6.0,rs1016565,217.0,0.0807236882519499
DACT3,0.0792067633062128,2.0,rs535076290,203.0,0.0,,,,0.0792067633062128
USP40,0.0,,,,0.0788367877024392,30.0,rs117343478,219.0,0.0788367877024392
HS3ST5,0.0782077777717365,9.0,rs976271,204.0,0.0,,,,0.0782077777717365
PPP5C,0.0773563931731989,30.0,rs148774309,205.0,0.0,,,,0.0773563931731989
FRAT2,0.0,,,,0.076777347592629,19.0,rs1890966,220.0,0.076777347592629
PPP1R37,0.0766391878790919,20.0,rs7251911,207.0,0.0,,,,0.0766391878790919
ZNF296,0.0766391878790919,1.0,rs7251911,206.0,0.0,,,,0.0766391878790919
NFKBIL1,0.0,,,,0.0756043161117157,5.0,rs2857605,221.0,0.0756043161117157
DLEU1,0.0,,,,0.0753818005475109,144.0,rs1262777,222.0,0.0753818005475109
SIN3A,0.0,,,,0.0748196802369483,70.0,rs8038760,223.0,0.0748196802369483
FOXA2,0.0,,,,0.0743877454247285,3.0,rs6048105,224.0,0.0743877454247285
CTC-236F12.4,0.0,,,,0.0738100700208271,2.0,rs464605,225.0,0.0738100700208271
IGFL2,0.0733772446912408,40.0,rs73048053,208.0,0.0,,,,0.0733772446912408
RFC5,0.0,,,,0.0732136145393768,36.0,rs4766891,226.0,0.0732136145393768
JMJD1C,0.0,,,,0.0728643711298175,154.0,rs148928116,227.0,0.0728643711298175
ZC3H4,0.0724864909896337,5.0,rs141603377,209.0,0.0,,,,0.0724864909896337
CELF1,0.0724252215919593,280.0,rs12292911,210.0,0.0,,,,0.0724252215919593
HNF1A,0.0,,,,0.0719990639269125,32.0,rs55783344,228.0,0.0719990639269125
NEUROG3,0.0,,,,0.0719259296653044,5.0,rs190925,229.0,0.0719259296653044
MS4A4A,0.0718509559683168,49.0,rs7107627,211.0,0.0,,,,0.0718509559683168
POLR2J2,0.0,,,,0.0709481443531842,60.0,rs140663961,230.0,0.0709481443531842
SPDYE2B,0.0,,,,0.0709481443531842,36.0,rs140663961,231.0,0.0709481443531842
YJEFN3,0.0,,,,0.0705419680121343,8.0,rs16996148,232.0,0.0705419680121343
TSSK6,0.0,,,,0.0705419680121343,8.0,rs16996148,233.0,0.0705419680121343
NDUFA13,0.0,,,,0.0705419680121343,16.0,rs16996148,234.0,0.0705419680121343
PBX4,0.0,,,,0.0705419680121343,10.0,rs16996148,235.0,0.0705419680121343
CTC-260F20.3,0.0,,,,0.0705419680121343,4.0,rs16996148,236.0,0.0705419680121343
CILP2,0.0,,,,0.0705419680121343,6.0,rs16996148,237.0,0.0705419680121343
GATAD2A,0.0,,,,0.0705419680121343,28.0,rs16996148,238.0,0.0705419680121343
ORAOV1,0.0,,,,0.0696144898348978,90.0,rs2930975,239.0,0.0696144898348978
MCCD1,0.0,,,,0.0687492365653874,1.0,rs3130055,240.0,0.0687492365653874
ADAMTS1,0.0668634369869415,6.0,rs11702792,212.0,0.0,,,,0.0668634369869415
C5AR1,0.066369054803875,3.0,rs150403341,213.0,0.0,,,,0.066369054803875
PRR24,0.066369054803875,1.0,rs150403341,214.0,0.0,,,,0.066369054803875
ATP6V1G2-DDX39B,0.0,,,,0.0656433585831163,3.0,rs1055388,241.0,0.0656433585831163
DDX39B,0.0,,,,0.0656433585831163,20.0,rs1055388,242.0,0.0656433585831163
MOB1B,0.0,,,,0.0647138983075874,110.0,rs28599782,243.0,0.0647138983075874
PSG11,0.0641916999346055,13.0,rs150619356,215.0,0.0,,,,0.0641916999346055
ZNF431,0.0,,,,0.0640459021203289,21.0,rs138490097,244.0,0.0640459021203289
STARD10,0.0,,,,0.0639850167506966,36.0,rs140735484,245.0,0.0639850167506966
PTPLB,0.0,,,,0.0613703647002916,15.0,rs201010648,246.0,0.0613703647002916
SEC16B,0.0,,,,0.0603830599555934,72.0,rs532504,247.0,0.0603830599555934
SURF6,0.0,,,,0.0594435339347562,16.0,rs597988,248.0,0.0594435339347562
CTD-2370N5.3,0.0,,,,0.0591913416714799,12.0,rs7502556,250.0,0.0591913416714799
NF1,0.0,,,,0.0591913416714799,1976.0,rs7502556,249.0,0.0591913416714799
ENPP3,0.0,,,,0.0585151317141717,7.0,rs3756786,251.0,0.0585151317141717
STEAP1,0.0,,,,0.0585072709017059,96.0,rs39233,253.0,0.0585072709017059
STEAP2,0.0,,,,0.0585072709017059,297.0,rs39233,252.0,0.0585072709017059
CCDC8,0.0584545917257881,1.0,rs200602713,216.0,0.0,,,,0.0584545917257881
TSEN15,0.0,,,,0.0583336667553454,28.0,rs1327123,254.0,0.0583336667553454
COLGALT2,0.0,,,,0.0583336667553454,45.0,rs1327123,255.0,0.0583336667553454
HNF4A,0.0,,,,0.0581432763391479,48.0,rs188520200,256.0,0.0581432763391479
GAP43,0.0,,,,0.0580602050880662,18.0,rs6806156,257.0,0.0580602050880662
RASGRP1,0.0,,,,0.0579644166757837,10.0,rs7403531,258.0,0.0579644166757837
GRM8,0.0,,,,0.0573304786304401,64.0,rs144730367,259.0,0.0573304786304401
TSPAN15,0.0,,,,0.0554944732192473,40.0,rs12771914,260.0,0.0554944732192473
ZNF428,0.0549465541671612,3.0,rs368745,224.0,0.0,,,,0.0549465541671612
SRRM5,0.0549465541671612,2.0,rs368745,220.0,0.0,,,,0.0549465541671612
L34079.2,0.0549465541671612,1.0,rs368745,223.0,0.0,,,,0.0549465541671612
IRGQ,0.0549465541671612,8.0,rs368745,222.0,0.0,,,,0.0549465541671612
ZNF576,0.0549465541671612,7.0,rs368745,217.0,0.0,,,,0.0549465541671612
PINLYP,0.0549465541671612,5.0,rs368745,221.0,0.0,,,,0.0549465541671612
XRCC1,0.0549465541671612,9.0,rs368745,218.0,0.0,,,,0.0549465541671612
CADM4,0.0549465541671612,4.0,rs368745,219.0,0.0,,,,0.0549465541671612
CALCR,0.0,,,,0.0544942158922328,48.0,rs2074120,261.0,0.0544942158922328
ZNF346,0.0,,,,0.0542134474828628,112.0,rs451643,263.0,0.0542134474828628
NSD1,0.0,,,,0.0542134474828628,885.0,rs451643,262.0,0.0542134474828628
MICB,0.0,,,,0.054069352905002,5.0,rs9281491,264.0,0.054069352905002
P2RY1,0.0,,,,0.0537198023976291,15.0,rs1517240,265.0,0.0537198023976291
COX7C,0.0527343416116116,3.0,rs2452760,225.0,0.0,,,,0.0527343416116116
IGFL3,0.0526354727189914,4.0,rs73046150,226.0,0.0,,,,0.0526354727189914
LAMA1,0.0,,,,0.0523687808139631,8.0,rs7228959,266.0,0.0523687808139631
RSPO3,0.0,,,,0.0518317145136048,64.0,rs7754405,267.0,0.0518317145136048
DOC2A,0.0512019742638084,208.0,rs12325539,227.0,0.0,,,,0.0512019742638084
TP53INP1,0.020598348508609,9.0,rs896853,271.0,0.0500626585934923,3.0,rs896854,269.0,0.0500626585934923
NDUFAF6,0.0474331652053121,578.0,rs34636042,241.0,0.0500626585934923,68.0,rs896854,268.0,0.0500626585934923
NIT1,0.0490253278890128,28.0,rs12041364,230.0,0.0,,,,0.0490253278890128
DEDD,0.0490253278890128,24.0,rs12041364,231.0,0.0,,,,0.0490253278890128
B4GALT3,0.0490253278890128,20.0,rs12041364,229.0,0.0,,,,0.0490253278890128
KLHDC9,0.0490253278890128,14.0,rs12041364,228.0,0.0,,,,0.0490253278890128
UFC1,0.0490253278890128,12.0,rs12041364,232.0,0.0,,,,0.0490253278890128
PFDN2,0.0490253278890128,4.0,rs12041364,233.0,0.0,,,,0.0490253278890128
PPOX,0.0490253278890128,57.0,rs12041364,234.0,0.0,,,,0.0490253278890128
USP21,0.0490253278890128,20.0,rs12041364,235.0,0.0,,,,0.0490253278890128
GRIN3B,0.0488684615791568,2.0,rs3795065,239.0,0.0,,,,0.0488684615791568
WDR18,0.0488684615791568,10.0,rs3795065,236.0,0.0,,,,0.0488684615791568
CNN2,0.0488684615791568,9.0,rs3795065,237.0,0.0,,,,0.0488684615791568
AC004528.1,0.0488684615791568,1.0,rs3795065,238.0,0.0,,,,0.0488684615791568
FAT3,0.0,,,,0.0483485190031739,6.0,rs1387153,270.0,0.0483485190031739
BRAP,0.0,,,,0.0483355726945807,8.0,rs11066001,271.0,0.0483355726945807
DGKD,0.0,,,,0.0482549232468557,169.0,rs838714,272.0,0.0482549232468557
HECTD4,0.0,,,,0.0481776032089556,12.0,rs77768175,273.0,0.0481776032089556
AC006126.3,0.0479568661001938,1.0,rs620807,240.0,0.0,,,,0.0479568661001938
RAB11FIP4,0.0,,,,0.0474446470573391,88.0,rs8065496,274.0,0.0474446470573391
ZNF708,0.0,,,,0.04685901198385,12.0,rs279796,275.0,0.04685901198385
OSER1,0.0,,,,0.0463897313535631,2.0,rs4812804,276.0,0.0463897313535631
JPH2,0.0,,,,0.0463897313535631,2.0,rs4812804,277.0,0.0463897313535631
GDAP1L1,0.0,,,,0.0463897313535631,6.0,rs4812804,278.0,0.0463897313535631
RCCD1,0.0,,,,0.0462769918588986,36.0,rs79548680,279.0,0.0462769918588986
EVI2B,0.0,,,,0.0458224784961415,9.0,rs35170054,280.0,0.0458224784961415
SORL1,0.0457305487403815,39.0,rs17125414,242.0,0.0,,,,0.0457305487403815
CARD9,0.0,,,,0.0454447014096235,6.0,rs1135314,281.0,0.0454447014096235
HTRA1,0.0,,,,0.04543586752727,8.0,rs7072204,282.0,0.04543586752727
PLEKHA1,0.0,,,,0.04543586752727,136.0,rs7072204,283.0,0.04543586752727
ARMS2,0.0,,,,0.04543586752727,4.0,rs7072204,284.0,0.04543586752727
KIAA0754,0.0,,,,0.0451815463792572,1.0,rs17343193,285.0,0.0451815463792572
CAST,0.0,,,,0.0449861403209283,216.0,rs6889155,286.0,0.0449861403209283
MYOF,0.0,,,,0.0445609264481185,94.0,rs2761320,287.0,0.0445609264481185
C12orf43,0.0,,,,0.0442686572915988,54.0,rs139431288,288.0,0.0442686572915988
NRBF2,0.0,,,,0.0440665364230687,18.0,rs16918226,289.0,0.0440665364230687
HLA-B,0.0,,,,0.043940985798114,14.0,rs2596485,290.0,0.043940985798114
MICA,0.0,,,,0.043940985798114,6.0,rs2596485,291.0,0.043940985798114
CTD-2021H9.3,0.0,,,,0.0437912403988931,3.0,rs149470925,292.0,0.0437912403988931
ST6GAL1,0.0,,,,0.0432762276962855,42.0,rs3887925,293.0,0.0432762276962855
FAM57B,0.0428090824486811,66.0,rs11642430,243.0,0.0,,,,0.0428090824486811
IDE,0.0,,,,0.0423012414708064,16.0,rs185425522,294.0,0.0423012414708064
MAST2,0.0,,,,0.0412344478482834,1413.0,rs7531911,295.0,0.0412344478482834
RP11-514P8.6,0.0,,,,0.041174599636699,2.0,rs75748969,296.0,0.041174599636699
RPS10-NUDT3,0.0,,,,0.0409858599388205,17.0,rs2780215,297.0,0.0409858599388205
NUDT3,0.0,,,,0.0409858599388205,18.0,rs2780215,298.0,0.0409858599388205
MADD,0.0409078279744258,102.0,rs10617423,244.0,0.0,,,,0.0409078279744258
AC022498.1,0.0,,,,0.0408467604661564,7.0,rs16848771,299.0,0.0408467604661564
TRAF3,0.0,,,,0.040689169706919,72.0,rs55700915,300.0,0.040689169706919
RCOR1,0.0,,,,0.040689169706919,5.0,rs55700915,301.0,0.040689169706919
CYP26A1,0.0,,,,0.0405558955575095,4.0,rs7084177,302.0,0.0405558955575095
ARHGAP19-SLIT1,0.0,,,,0.0403868264348378,128.0,rs10748694,305.0,0.0403868264348378
FRAT1,0.0,,,,0.0403868264348378,36.0,rs10748694,303.0,0.0403868264348378
ARHGAP19,0.0,,,,0.0403868264348378,180.0,rs10748694,304.0,0.0403868264348378
GCKR,0.0,,,,0.039945018037307,6.0,rs6547692,306.0,0.039945018037307
AGMO,0.0,,,,0.0397785611130041,6.0,rs6947830,307.0,0.0397785611130041
INPP5E,0.0,,,,0.0388123593862588,4.0,rs68142670,308.0,0.0388123593862588
UPK3BL,0.0,,,,0.0387362548425503,1.0,rs141003853,309.0,0.0387362548425503
AC079602.1,0.0,,,,0.038540914341063,1.0,rs12826999,310.0,0.038540914341063
REXO1,0.0384926506425269,35.0,rs11670190,245.0,0.0,,,,0.0384926506425269
PMPCA,0.0,,,,0.0379541736237026,10.0,rs11145986,313.0,0.0379541736237026
SDCCAG3,0.0,,,,0.0379541736237026,44.0,rs11145986,311.0,0.0379541736237026
SNAPC4,0.0,,,,0.0379541736237026,3.0,rs11145986,314.0,0.0379541736237026
SEC16A,0.0,,,,0.0379541736237026,18.0,rs11145986,312.0,0.0379541736237026
HLA-A,0.0,,,,0.0378944301225162,147.0,rs1655922,315.0,0.0378944301225162
C6orf25,0.0,,,,0.036719907096514,6.0,rs453098,316.0,0.036719907096514
ANKRD31,0.0,,,,0.0366418168429324,4.0,rs369330343,317.0,0.0366418168429324
PCM1,0.0,,,,0.0356560650855177,567.0,rs28412,318.0,0.0356560650855177
MS4A6A,0.0355110390741049,168.0,rs200025446,246.0,0.0,,,,0.0355110390741049
PPP4C,0.0354200737708685,12.0,rs2278557,247.0,0.0,,,,0.0354200737708685
ATP8B3,0.0352366270995809,14.0,rs11668832,249.0,0.0,,,,0.0352366270995809
ONECUT3,0.0352366270995809,1.0,rs11668832,248.0,0.0,,,,0.0352366270995809
TMEM154,0.0,,,,0.035194336104646,18.0,rs4696326,319.0,0.035194336104646
KCNB2,0.0,,,,0.0349699229593986,1.0,rs75332309,320.0,0.0349699229593986
PTPN9,0.0,,,,0.0349591650050326,80.0,rs7495610,321.0,0.0349591650050326
RPL22L1,0.0,,,,0.0346128432832932,10.0,rs68055107,322.0,0.0346128432832932
GRSF1,0.0,,,,0.0344165176881261,48.0,rs2361478,323.0,0.0344165176881261
C10orf67,0.0,,,,0.0341788810522127,4.0,rs117882921,324.0,0.0341788810522127
MS4A6E,0.0341359317581841,6.0,rs11827324,252.0,0.0,,,,0.0341359317581841
MS4A14,0.0341359317581841,10.0,rs11827324,251.0,0.0,,,,0.0341359317581841
MS4A7,0.0341359317581841,11.0,rs11827324,250.0,0.0,,,,0.0341359317581841
HLA-DRA,0.0132384487030461,216.0,rs28895198,289.0,0.0340372727597094,32.0,rs12204922,326.0,0.0340372727597094
ZNF222,0.0337256822584703,20.0,rs147649776,253.0,0.0,,,,0.0337256822584703
R3HDML,0.0,,,,0.0334595754931518,2.0,rs67897819,327.0,0.0334595754931518
FITM2,0.0,,,,0.0334595754931518,2.0,rs67897819,328.0,0.0334595754931518
FBXO46,0.0326356367664265,15.0,rs6509233,254.0,0.0,,,,0.0326356367664265
ANKDD1B,0.0,,,,0.0325757518916249,4.0,rs40060,329.0,0.0325757518916249
REPS1,0.0,,,,0.0323955030550352,120.0,rs9376388,330.0,0.0323955030550352
NSF,0.0318373142393657,54.0,rs199439,255.0,0.0,,,,0.0318373142393657
GNPNAT1,0.0313396002594155,30.0,rs2025632,256.0,0.0,,,,0.0313396002594155
LYPD5,0.0312701320154269,8.0,rs8100565,257.0,0.0,,,,0.0312701320154269
ZBTB20,0.0,,,,0.0312694413389548,120.0,rs9882435,331.0,0.0312694413389548
VPS33B,0.0,,,,0.0312668236224708,12.0,rs3826033,332.0,0.0312668236224708
E2F3,0.0,,,,0.0311920463997111,2.0,rs4134984,333.0,0.0311920463997111
IPP,0.0,,,,0.031022285551146,44.0,rs4660885,334.0,0.031022285551146
ABHD17A,0.0306858875864879,5.0,rs35917007,258.0,0.0,,,,0.0306858875864879
EFR3A,0.0,,,,0.0300223250179986,8.0,rs16904538,338.0,0.0300223250179986
TAS2R41,0.0298801932777202,6.0,rs9640385,259.0,0.0,,,,0.0298801932777202
RANBP3L,0.0,,,,0.0293203236184667,15.0,rs74293505,339.0,0.0293203236184667
GINS4,0.0,,,,0.0291265431516332,9.0,rs76254738,340.0,0.0291265431516332
BRAF,0.0,,,,0.0290648507907469,175.0,rs62487901,341.0,0.0290648507907469
THADA,0.0,,,,0.0282128805446032,19.0,rs7578597,342.0,0.0282128805446032
HLA-E,0.0,,,,0.0277356440870124,6.0,rs146497346,343.0,0.0277356440870124
UNC45A,0.0,,,,0.0276638097618822,9.0,rs112770790,344.0,0.0276638097618822
MAN2A2,0.0,,,,0.0276638097618822,29.0,rs112770790,345.0,0.0276638097618822
HDDC3,0.0,,,,0.0276638097618822,6.0,rs112770790,346.0,0.0276638097618822
EVI2A,0.0,,,,0.0276637718748776,9.0,rs2525563,347.0,0.0276637718748776
C16orf92,0.0276231174268856,9.0,rs4238959,260.0,0.0,,,,0.0276231174268856
BTBD16,0.0,,,,0.0275511101516681,6.0,rs56029211,348.0,0.0275511101516681
MRPS33,0.0,,,,0.0274444819789995,27.0,rs62485389,349.0,0.0274444819789995
PEAK1,0.0,,,,0.0274126935693551,22.0,rs12912050,350.0,0.0274126935693551
ARID5B,0.0,,,,0.0273097284532815,2.0,rs75872811,351.0,0.0273097284532815
GRM4,0.0,,,,0.027172020129014,42.0,rs141574601,352.0,0.027172020129014
TAP2,0.0,,,,0.0271556537105161,3.0,rs117443797,353.0,0.0271556537105161
HLA-DOB,0.0,,,,0.0271556537105161,12.0,rs117443797,354.0,0.0271556537105161
MTCH2,0.0269978701452672,35.0,rs149098008,261.0,0.0,,,,0.0269978701452672
BTNL2,0.0132088395855293,184.0,rs28732216,291.0,0.0267287091115438,6.0,rs9268581,355.0,0.0267287091115438
USP6,0.0261915242696574,28.0,rs111996834,262.0,0.0,,,,0.0261915242696574
NUP160,0.0261830843192334,12.0,rs34467936,263.0,0.0,,,,0.0261830843192334
SLC38A11,0.0,,,,0.025981937772122,20.0,rs74331895,356.0,0.025981937772122
AGBL2,0.0256018439743319,48.0,rs11039327,264.0,0.0,,,,0.0256018439743319
UBE3C,0.0,,,,0.0254944267173664,96.0,rs3839845,357.0,0.0254944267173664
ZNF232,0.0251485366911794,8.0,rs112362507,265.0,0.0,,,,0.0251485366911794
RRP12,0.0,,,,0.0251256738758404,140.0,rs10882895,358.0,0.0251256738758404
NUP88,0.0251174761555624,26.0,rs75367124,266.0,0.0,,,,0.0251174761555624
OBP2B,0.0,,,,0.0250961643701769,1.0,rs687289,359.0,0.0250961643701769
SLC24A4,0.0246919524620571,18.0,rs12897935,267.0,0.0,,,,0.0246919524620571
CDC42BPB,0.0,,,,0.024572883003186,8.0,rs60658776,361.0,0.024572883003186
AMN,0.0,,,,0.024572883003186,7.0,rs60658776,360.0,0.024572883003186
MTUS1,0.0,,,,0.0245647929307614,52.0,rs391392,363.0,0.0245647929307614
FGL1,0.0,,,,0.0245647929307614,63.0,rs391392,362.0,0.0245647929307614
NADK2,0.0,,,,0.0244946590664667,279.0,rs78923858,364.0,0.0244946590664667
WNT3,0.0240470651184572,32.0,rs199525,268.0,0.0,,,,0.0240470651184572
KLLN,0.0,,,,0.0235690868794382,1.0,rs1234212,366.0,0.0235690868794382
ATAD1,0.0,,,,0.0235690868794382,4.0,rs1234212,365.0,0.0235690868794382
MED23,0.0,,,,0.023224490924534,20.0,rs2248551,367.0,0.023224490924534
C6orf10,0.0117703255724121,8.0,rs28732208,292.0,0.0227723048813745,8.0,rs34757679,368.0,0.0227723048813745
BMP8A,0.0,,,,0.0212896065803407,2.0,rs41267043,369.0,0.0212896065803407
PIK3R3,0.0,,,,0.0209557913442578,168.0,rs785504,370.0,0.0209557913442578
MAPT,0.020917658846168,3770.0,rs58879558,269.0,0.0,,,,0.020917658846168
LMBRD2,0.0,,,,0.0207998255227804,9.0,rs182937132,372.0,0.0207998255227804
SKP2,0.0,,,,0.0207998255227804,18.0,rs182937132,371.0,0.0207998255227804
CRHR1,0.0206186070435584,1804.0,rs382362,270.0,0.0,,,,0.0206186070435584
ARL17B,0.0205505911317369,84.0,rs373695612,272.0,0.0,,,,0.0205505911317369
TREML1,0.0205249202006381,3.0,rs9357347,273.0,0.0,,,,0.0205249202006381
POLD2,0.0,,,,0.0202714367694923,17.0,rs2979424,373.0,0.0202714367694923
DLK1,0.0,,,,0.020046199184524,5.0,rs6575802,374.0,0.020046199184524
OMG,0.0,,,,0.0200285655288038,24.0,rs12943508,375.0,0.0200285655288038
LRRC37A,0.0196225801527861,18.0,rs2668618,274.0,0.0,,,,0.0196225801527861
BCKDK,0.0194878041300346,7.0,rs7190802,281.0,0.0,,,,0.0194878041300346
FUS,0.0194878041300346,12.0,rs7190802,280.0,0.0,,,,0.0194878041300346
PYCARD,0.0194878041300346,4.0,rs7190802,279.0,0.0,,,,0.0194878041300346
PRSS8,0.0194878041300346,4.0,rs7190802,278.0,0.0,,,,0.0194878041300346
PRSS36,0.0194878041300346,8.0,rs7190802,277.0,0.0,,,,0.0194878041300346
C16orf98,0.0194878041300346,1.0,rs7190802,276.0,0.0,,,,0.0194878041300346
KAT8,0.0194878041300346,6.0,rs7190802,275.0,0.0,,,,0.0194878041300346
KCTD13,0.0194219849450176,9.0,rs4318227,282.0,0.0,,,,0.0194219849450176
TAOK2,0.0194219849450176,18.0,rs4318227,284.0,0.0,,,,0.0194219849450176
HIRIP3,0.0194219849450176,7.0,rs4318227,285.0,0.0,,,,0.0194219849450176
TMEM219,0.0194219849450176,16.0,rs4318227,286.0,0.0,,,,0.0194219849450176
INO80E,0.0194219849450176,11.0,rs4318227,283.0,0.0,,,,0.0194219849450176
SPPL2C,0.0192644930827266,129.0,rs62056778,287.0,0.0,,,,0.0192644930827266
STH,0.0187611099440005,2.0,rs62063857,288.0,0.0,,,,0.0187611099440005
ZFP3,0.0132286906964125,1.0,rs1047966,290.0,0.0,,,,0.0132286906964125
