gene_name,gene_id,max_score,avg_score,sum_score,snp_count,min_p,n_sig,top_snps,support,GRASS_score,rank,rank_max,disease
APOE,ENSG00000130203,0.7778071807801744,0.2191284453646009,3.286926680469014,15,9.67738e-232,15,"rs1081105,rs429358,rs12977604,rs10413096,rs769446",0.467167337925951,0.8089475491385308,1,1,AD
PVRL2,ENSG00000130202,0.6507842538339004,0.1984879595475675,9.527422058283241,48,5.79204e-276,48,"rs41289512,rs1081105,rs35396326,rs4803762,rs57537848",0.6557522627754833,0.7194839585574749,2,3,AD
APOC1,ENSG00000130208,0.6638204183784533,0.23692973592681663,4.738594718536333,20,1e-300,20,"rs12691088,rs1081105,rs12721046,rs140480140,rs3826688",0.5129868094313318,0.7155571256700525,3,2,AD
BIN1,ENSG00000136717,0.5608046492731684,0.10200082565689259,1.7340140361671739,17,6.479999999999999e-90,17,"rs6733839,rs4663105,rs4663097,rs4663096,rs7583814",0.4870131905686681,0.6249728279852882,4,6,AD
CLPTM1,ENSG00000104853,0.5410971221445973,0.11100256615628448,3.5520821170011034,32,9.67738e-232,32,"rs1081105,rs12977604,rs10413096,rs769446,rs7254133",0.5891440430475027,0.6222050911923571,5,12,AD
TOMM40,ENSG00000130204,0.5410971221445973,0.20782626117876407,5.819135313005394,28,9.07821e-263,28,"rs1081105,rs111371860,rs34404554,rs11556505,rs71352238",0.5673725122971525,0.6192077857573612,6,12,AD
CTB-129P6.11,ENSG00000267114,0.5410971221445973,0.14793962769942406,2.514973670890209,17,9.67738e-232,17,"rs1081105,rs12977604,rs10413096,rs769446,rs7254133",0.4870131905686681,0.6081446485562483,7,12,AD
APOC4-APOC2,ENSG00000224916,0.5410971221445973,0.16886757492547722,2.5330136238821583,15,9.67738e-232,15,"rs1081105,rs12977604,rs10413096,rs769446,rs7254133",0.467167337925951,0.6054124528888771,8,12,AD
APOC4,ENSG00000267467,0.5410971221445973,0.16886757492547722,2.5330136238821583,15,9.67738e-232,15,"rs1081105,rs12977604,rs10413096,rs769446,rs7254133",0.467167337925951,0.6054124528888771,8,12,AD
APOC2,ENSG00000234906,0.5410971221445973,0.16886757492547722,2.5330136238821583,15,9.67738e-232,15,"rs1081105,rs12977604,rs10413096,rs769446,rs7254133",0.467167337925951,0.6054124528888771,8,12,AD
PLCG2,ENSG00000197943,0.5554931470652031,0.20353303111012444,1.424731217770871,7,3.596e-12,7,"rs72824905,rs11548656,rs147330136,rs12446759,rs12446781",0.3503755034444632,0.6022164407796662,11,10,AD
TREM2,ENSG00000095970,0.5653478947191163,0.363891680812584,1.091675042437752,3,2.948e-12,3,"rs143332484,rs75932628,rs9357347",0.2335836689629755,0.5958061847613134,12,5,AD
CBLC,ENSG00000142273,0.5393694931930009,0.23788502153530425,2.3788502153530424,10,2.8014700000000002e-102,10,"rs4803762,rs111371860,rs138573164,rs2967668,rs74579864",0.4040333650039125,0.5952025212996077,13,18,AD
APH1B,ENSG00000138613,0.5708159332666539,0.3052307592106603,0.6104615184213206,2,1.746e-21,2,"rs117618017,rs75763893",0.18511067804359016,0.5946498993462085,14,4,AD
SHARPIN,ENSG00000179526,0.5569824791750384,0.31769391643119194,0.9530817492935758,3,2.934e-12,3,"rs34173062,rs34674752,rs60394484",0.2335836689629755,0.5880269765537912,15,8,AD
BCAM,ENSG00000187244,0.5393694931930009,0.2937492052161164,2.0562444365128147,7,2.8014700000000002e-102,7,"rs4803762,rs111371860,rs138573164,rs149302547,rs74579864",0.3503755034444632,0.5877875869103151,16,18,AD
UNC5CL,ENSG00000124602,0.5348192366216103,0.22711224456131096,1.5897857119291767,7,1.451e-16,7,"rs187370608,rs150085726,rs145342536,rs77579690,rs186909310",0.3503755034444632,0.5837156198700253,17,21,AD
BCL3,ENSG00000069399,0.5393694931930009,0.23944363057164242,0.9577745222865697,4,4.0782600000000004e-44,4,"rs138573164,rs12459810,rs189395229,rs186110295",0.271182241736001,0.5768439372273746,18,18,AD
CYP27C1,ENSG00000186684,0.5608046492731684,0.5608046492731684,0.5608046492731684,1,6.479999999999999e-90,1,rs6733839,0.11679183448148775,0.5761929784853066,19,6,AD
ABI3,ENSG00000108798,0.5558814571321747,0.5558814571321747,0.5558814571321747,1,5.379e-13,1,rs616338,0.11679183448148775,0.5714422829368083,20,9,AD
ATP8B4,ENSG00000104043,0.5461937851819397,0.3043327828096426,0.6086655656192852,2,5.117e-10,2,"rs138799625,rs183428733",0.18511067804359016,0.5713950980195496,21,11,AD
INPP5D,ENSG00000168918,0.4536830475015474,0.03171950590989557,0.9515851772968672,30,1.043e-17,30,"rs10933431,rs35349669,rs36127492,rs28459768,rs145770967",0.5786096754715012,0.5485143298784602,22,24,AD
GRN,ENSG00000030582,0.5231533123114381,0.5231533123114381,0.5231533123114381,1,1.756e-12,1,rs5848,0.11679183448148775,0.5398608521379086,23,22,AD
ALPK2,ENSG00000198796,0.5136890143810843,0.5136890143810843,0.5136890143810843,1,3.30474e-08,1,rs76726049,0.11679183448148775,0.5307281600227644,24,23,AD
SPI1,ENSG00000066336,0.3879907659983285,0.03630853229961354,1.9243522118795175,53,3.277e-12,53,"rs199555322,rs11500477,rs10838702,rs12292911,rs10437655",0.6721238686122583,0.5113945701934169,25,37,AD
ABCA7,ENSG00000064687,0.4339405929502981,0.1481608017231833,1.6297688189550164,11,1.063e-15,11,"rs200538373,rs4147929,rs3752246,rs3795065,rs559324022",0.4186943470065657,0.5050423550907777,26,29,AD
EML2,ENSG00000125746,0.4006349479926115,0.09342097586909694,1.588156589774648,17,1.29628e-24,17,"rs11666698,rs6509227,rs3745817,rs12386125,rs140507001",0.4870131905686681,0.4882045538806537,27,31,AD
IGFL1,ENSG00000188293,0.3829559729113552,0.1172448019632099,1.9931616333745683,17,5.00035e-24,17,"rs147963283,rs77915913,rs187876027,rs143399042,rs137887981",0.4870131905686681,0.4731085470174894,28,42,AD
ERCC1,ENSG00000012061,0.436580092263736,0.2333063109090552,0.4666126218181104,2,1.19978e-24,2,"rs28658530,rs8110514",0.18511067804359016,0.46786860460703106,29,28,AD
QPCTL,ENSG00000011478,0.4006349479926115,0.08156167315579221,0.6524933852463377,8,1.06635e-16,8,"rs11666698,rs6509233,rs34568773,rs12975617,rs4803849",0.3702213560871803,0.46720427069624315,30,31,AD
EPHA1,ENSG00000146904,0.3839803132291347,0.06708647193820447,0.872124135196658,13,3.997e-16,13,"rs11769559,rs3935067,rs11767557,rs7791765,rs10265814",0.44466796586922935,0.46615757954467485,31,39,AD
HESX1,ENSG00000163666,0.4459163725396501,0.4459163725396501,0.4459163725396501,1,1.237e-08,1,rs184384746,0.11679183448148775,0.4653301055318256,32,25,AD
IL17RD,ENSG00000144730,0.4459163725396501,0.4459163725396501,0.4459163725396501,1,1.237e-08,1,rs184384746,0.11679183448148775,0.4653301055318256,32,25,AD
APPL1,ENSG00000157500,0.4459163725396501,0.4459163725396501,0.4459163725396501,1,1.237e-08,1,rs184384746,0.11679183448148775,0.4653301055318256,32,25,AD
GIPR,ENSG00000010310,0.4006349479926115,0.08984399396798914,0.628907957775924,7,1.06635e-16,7,"rs11666698,rs6509233,rs34568773,rs12975617,rs4803849",0.3503755034444632,0.4636357975458432,35,31,AD
SNRPD2,ENSG00000125743,0.4006349479926115,0.08984399396798914,0.628907957775924,7,1.06635e-16,7,"rs11666698,rs6509233,rs34568773,rs12975617,rs4803849",0.3503755034444632,0.4636357975458432,35,31,AD
TAS2R60,ENSG00000185899,0.3839803132291347,0.061722869309002726,0.67895156239903,11,3.997e-16,11,"rs11769559,rs11767557,rs10265814,rs7805776,rs9640385",0.4186943470065657,0.46135750137784964,37,39,AD
ZYX,ENSG00000159840,0.3839803132291347,0.061722869309002726,0.67895156239903,11,3.997e-16,11,"rs11769559,rs11767557,rs10265814,rs7805776,rs9640385",0.4186943470065657,0.46135750137784964,37,39,AD
PICALM,ENSG00000073921,0.3924334990472851,0.0760795773744669,0.6086366189957352,8,1.613e-34,8,"rs10649400,rs561655,rs598726,rs573167,rs10687788",0.3702213560871803,0.4599137272160423,39,36,AD
HIF3A,ENSG00000124440,0.3829559729113552,0.17776501911132403,1.7776501911132403,10,5.00035e-24,10,"rs147963283,rs141190797,rs77915913,rs187876027,rs143399042",0.4040333650039125,0.45774788529741234,40,42,AD
MARK4,ENSG00000007047,0.3719639810213606,0.10640528160079399,1.2768633792095279,12,1.3527e-39,12,"rs10410833,rs10411314,rs60152947,rs77401305,rs111462669",0.4321811430698576,0.4533915783927299,41,48,AD
IGSF23,ENSG00000216588,0.3494648378219493,0.07317854359185784,1.390392328245299,19,4.76431e-21,19,"rs113571662,rs2357101,rs1441619,rs12982815,rs35259453",0.5047659106989765,0.4479752298955023,42,53,AD
IDUA,ENSG00000127415,0.4234901524384823,0.4234901524384823,0.4234901524384823,1,5.036e-10,1,rs3822030,0.11679183448148775,0.4436896452464881,43,30,AD
C19orf83,ENSG00000267757,0.4006349479926115,0.25246068120127185,0.5049213624025437,2,1.06635e-16,2,"rs11666698,rs576905484",0.18511067804359016,0.4339196093444273,44,31,AD
AC074212.3,ENSG00000237452,0.3684532892874581,0.08207331411013973,0.4924398846608384,6,5.72348e-10,6,"rs76320948,rs6509233,rs34568773,rs12975617,rs4803849",0.32787613138774163,0.4305740169771825,45,50,AD
ADAMTS4,ENSG00000158859,0.3726903970951404,0.14573973934413206,0.5829589573765283,4,2.05149e-10,4,"rs4575098,rs11585858,rs12041364,rs11591206",0.271182241736001,0.4237249644086185,46,44,AD
ZNF225,ENSG00000256294,0.3510721462408998,0.16104568167129094,1.2883654533703275,8,4.55093e-43,8,"rs16978738,rs16978665,rs75006290,rs8106828,rs28521615",0.3702213560871803,0.42314623124733103,47,52,AD
PRDM7,ENSG00000126856,0.3862885974013563,0.3862885974013563,0.3862885974013563,1,1.283e-11,1,rs56407236,0.11679183448148775,0.40779154156686703,48,38,AD
CEACAM4,ENSG00000105352,0.3722351984172946,0.2729325889175813,0.5458651778351626,2,8.96004e-09,2,"rs554656615,rs1274623634",0.18511067804359016,0.4070969888391569,49,45,AD
CEACAM7,ENSG00000007306,0.3722351984172946,0.2729325889175813,0.5458651778351626,2,8.96004e-09,2,"rs554656615,rs1274623634",0.18511067804359016,0.4070969888391569,49,45,AD
CEACAM21,ENSG00000007129,0.3722351984172946,0.3722351984172946,0.3722351984172946,1,2.16636e-08,1,rs554656615,0.11679183448148775,0.39423053925721996,51,45,AD
TRAPPC6A,ENSG00000007255,0.3719639810213606,0.3719639810213606,0.3719639810213606,1,2.36677e-32,1,rs10410833,0.11679183448148775,0.3939688246544503,52,48,AD
NPAS1,ENSG00000130751,0.3573993756533303,0.19944954491027014,0.3988990898205403,2,4.59727e-12,2,"rs201723718,rs16980815",0.18511067804359016,0.3930850468385442,53,51,AD
MS4A4E,ENSG00000214787,0.2883391016489391,0.06209577937247711,0.8072451318422024,13,2.415e-16,13,"rs610352,rs611267,rs7107627,rs3041800,rs201153362",0.44466796586922935,0.3832749428664695,54,58,AD
IGFL4,ENSG00000204869,0.2844867119452988,0.1339129152951805,1.7408678988373467,13,8.61787e-23,13,"rs59430794,rs2007322,rs57354574,rs28567737,rs1861790",0.44466796586922935,0.3799364634508052,55,59,AD
FERMT2,ENSG00000073712,0.2289768095357158,0.02608526264430867,1.0173252431280382,39,7.995e-10,39,"rs17125944,rs74825460,rs117834516,rs7143400,rs1952088",0.6215577451804642,0.37274744025976425,56,70,AD
HLA-DRB1,ENSG00000196126,0.1793121001409055,0.030398528228612387,3.009454294632626,99,1.049e-17,99,"rs72844190,rs6605556,rs9271174,rs9271192,rs76566406",0.7759481524349775,0.3703554780273274,57,99,AD
PGLYRP1,ENSG00000008438,0.2844867119452988,0.18052515023251328,1.4442012018601063,8,8.15831e-23,8,"rs59430794,rs2007322,rs57354574,rs28567737,rs1861790",0.3702213560871803,0.3639562018859014,58,59,AD
CCDC61,ENSG00000104983,0.2844867119452988,0.18052515023251328,1.4442012018601063,8,8.15831e-23,8,"rs59430794,rs2007322,rs57354574,rs28567737,rs1861790",0.3702213560871803,0.3639562018859014,58,59,AD
ZNF234,ENSG00000263002,0.2166557362898374,0.13497097162870786,4.8589549786334825,36,5.41627e-43,36,"rs181817835,rs4803686,rs75006290,rs8106828,rs10153465",0.6084216152175655,0.35963681094922295,60,78,AD
PTK2B,ENSG00000120899,0.2947602589967243,0.16269871558640622,0.8134935779320311,5,5.336e-15,5,"rs73223431,rs28834970,rs2322599,rs6987305,rs57735330",0.30190251252507794,0.35863435391915155,61,56,AD
ZNF230,ENSG00000159882,0.2699339500301326,0.08328874717147723,0.6663099773718179,8,2.42003e-09,8,"rs76261208,rs12753,rs1060880,rs11883068,rs147649776",0.3702213560871803,0.35101976294604925,62,64,AD
R3HDM4,ENSG00000198858,0.2783940232539568,0.17820885901427616,1.069253154085657,6,1.62073e-09,6,"rs572028460,rs146459823,rs539695947,rs187642366,rs188874510",0.32787613138774163,0.3493732360664864,63,62,AD
ZNF227,ENSG00000131115,0.1905498578647519,0.1333335945287217,6.26667894284992,47,3.70851e-43,47,"rs10422555,rs181211209,rs10153465,rs11140,rs10420465",0.6522780159695412,0.3489458176862247,64,95,AD
KANSL1,ENSG00000120071,0.0788713911505693,0.01073646017081469,2.7592702638993756,257,1.783e-10,257,"rs7225002,rs2696466,rs1881193,rs34043286,rs17585644",0.9356459276089761,0.3374264606527967,65,194,AD
SEC61G,ENSG00000132432,0.2966468937850313,0.16791916900942389,0.33583833801884777,2,2.046e-09,2,"rs74504435,rs75061358",0.18511067804359016,0.3357063449036867,66,55,AD
KIAA0125,ENSG00000226777,0.2447542132419086,0.06288636682146294,0.5659773013931665,9,3.38e-10,9,"rs28577986,rs74093831,rs12434433,rs78376194,rs77307099",0.38797407621748875,0.3326589491722949,67,65,AD
FBXO33,ENSG00000165355,0.3028217217083941,0.3028217217083941,0.3028217217083941,1,1.396e-08,1,rs74745468,0.11679183448148775,0.32724914073309064,68,54,AD
ZNF226,ENSG00000167380,0.1699592632306742,0.13177480763919602,5.270992305567841,40,2.76376e-42,40,"rs10153465,rs8107252,rs10420465,rs3803932,rs2141524",0.6257183269493181,0.32577077356399875,69,107,AD
HLA-DQA1,ENSG00000196735,0.1234036415039433,0.029174579431257584,2.5673629899506674,88,1.049e-17,88,"rs6605556,rs9271174,rs9271192,rs9271164,rs9271058",0.7563127870156643,0.3222979519985238,70,139,AD
CR1,ENSG00000203710,0.2054815436878014,0.0775830939041963,1.241329502467141,16,2.837e-33,16,"rs6656401,rs2093760,rs679515,rs6701713,rs3818361",0.4773822836045413,0.3192682541998831,71,80,AD
ZNF235,ENSG00000159917,0.1699592632306742,0.1320317685950761,4.092984826447359,31,2.76376e-42,31,"rs10153465,rs11140,rs3810137,rs4802215,rs34032266",0.5839591724074388,0.31537223374315704,72,107,AD
CLU,ENSG00000120885,0.2888883783451174,0.2888883783451174,0.2888883783451174,1,3.492e-17,1,rs867230,0.11679183448148775,0.3138039875893712,73,57,AD
CD2AP,ENSG00000198087,0.1858433986995819,0.04471871500741776,0.9390930151557729,21,4.686e-13,21,"rs9381563,rs4715019,rs1004173,rs1385742,rs7738044",0.5208251994854002,0.3130533809849756,74,97,AD
TANC2,ENSG00000170921,0.2294754811597321,0.07190252236240581,0.5033176565368407,7,3.474e-16,7,"rs4292,rs4291,rs4277405,rs4968783,rs4968782",0.3503755034444632,0.31046735602122055,75,66,AD
CYB561,ENSG00000008283,0.2294754811597321,0.07190252236240581,0.5033176565368407,7,3.474e-16,7,"rs4292,rs4291,rs4277405,rs4968783,rs4968782",0.3503755034444632,0.31046735602122055,75,66,AD
MAPT,ENSG00000186868,0.0121942368605771,0.010278158216695584,3.874865647694235,377,2.991e-09,377,"rs58879558,rs11575895,rs10445337,rs17565025,rs75010486",1.0,0.30853596580240394,77,270,AD
ACE,ENSG00000159640,0.2294754811597321,0.07932168755054807,0.4759301253032884,6,3.474e-16,6,"rs4292,rs4291,rs4277405,rs4968783,rs4459609",0.32787613138774163,0.30526646067275653,78,66,AD
CTSB,ENSG00000164733,0.2775603137867043,0.2775603137867043,0.2775603137867043,1,5.462e-09,1,rs1065712,0.11679183448148775,0.3028728306632287,79,63,AD
APP,ENSG00000142192,0.1711783339076798,0.027411789892829764,0.5482357978565953,20,1.017e-09,20,"rs469420,rs2154481,rs432766,rs467021,rs2830077",0.5129868094313318,0.29873070853055783,80,103,AD
CNTNAP2,ENSG00000174469,0.1833253751854007,0.07482067012544732,0.9726687116308153,13,2.096e-09,13,"rs114360492,rs116155464,rs114377259,rs115674611,rs116767080",0.44466796586922935,0.29227008844339786,81,98,AD
EXOC3L2,ENSG00000130201,0.2126456389009525,0.07537150672940936,0.45222904037645617,6,1.3527e-39,6,"rs10411314,rs111462669,rs60269219,rs140013593,rs10424245",0.32787613138774163,0.2900920494854793,82,79,AD
HLA-DQB1,ENSG00000179344,0.1234036415039433,0.03742226923727837,1.4220462310165782,38,1.049e-17,38,"rs6605556,rs3997854,rs9271174,rs9271192,rs9275614",0.6172918211134478,0.2857383702591776,83,139,AD
ADAM10,ENSG00000137845,0.1861208418799478,0.047936981038867024,0.47936981038867027,10,1.042e-11,10,"rs653765,rs593742,rs572107,rs6494035,rs6494036",0.4040333650039125,0.2847711423684866,84,96,AD
KCNH6,ENSG00000173826,0.2294754811597321,0.1264700778705196,0.3794102336115588,3,3.474e-16,3,"rs4292,rs4291,rs4968783",0.2335836689629755,0.2834700644007244,85,66,AD
HS3ST1,ENSG00000002587,0.1645322706501539,0.04584376344154083,0.6876564516231124,15,1.922e-13,15,"rs11728636,rs6448453,rs6448451,rs10939105,rs6448450",0.467167337925951,0.28162324116317583,86,110,AD
CEACAM16,ENSG00000213892,0.2243699736642676,0.1394683430311896,0.4184050290935688,3,4.0782600000000004e-44,3,"rs12459810,rs189395229,rs186110295",0.2335836689629755,0.2787223258570725,87,74,AD
AC008394.1,ENSG00000233828,0.1994324252161659,0.05661818829925758,0.33970912979554546,6,8.579e-14,6,"rs62375397,rs55695634,rs56363426,rs62375388,rs147024067",0.32787613138774163,0.2781785250165429,88,83,AD
PVR,ENSG00000073008,0.193068722034825,0.07072631443323613,0.4950842010326529,7,2.53454e-12,7,"rs2357101,rs12982815,rs12985991,rs12982081,rs55826605",0.3503755034444632,0.27788740786346466,89,93,AD
HLA-DRB5,ENSG00000198502,0.1793121001409055,0.0439720053026238,0.3957480477236142,9,3.287e-11,9,"rs72844190,rs76566406,rs67426377,rs67433939,rs72492326",0.38797407621748875,0.27483378908411643,90,99,AD
SLC39A13,ENSG00000165915,0.1149079893339616,0.030068062318670846,1.0223141188348088,34,3.277e-12,34,"rs11500477,rs10838702,rs12292911,rs7947450,rs11039225",0.5990583731237427,0.27397452332628736,91,147,AD
PSMC3,ENSG00000165916,0.1149079893339616,0.0302906243185957,0.9995906025136582,33,3.277e-12,33,"rs11500477,rs10838702,rs10838709,rs12292911,rs1534576",0.594174118086029,0.2726776187927067,92,147,AD
CRHR1,ENSG00000120088,0.0121080250657458,0.010059284579150509,1.6497226709806834,164,4.438e-09,164,"rs382362,rs56194412,rs34416056,rs56099546,rs12150390",0.8603262847835036,0.26708085483453325,93,271,AD
PRKD2,ENSG00000105287,0.2230855963024606,0.2230274950296514,0.4460549900593028,2,2.3297e-12,2,"rs184588552,rs555091835",0.18511067804359016,0.2662301419175455,94,75,AD
GEMIN7,ENSG00000142252,0.218299112213447,0.14754048329263214,0.2950809665852643,2,4.80452e-10,2,"rs7251911,rs139713267",0.18511067804359016,0.2617094666230806,95,76,AD
AZU1,ENSG00000172232,0.1640652833930108,0.1365047338281704,1.2285426044535337,9,3.30005e-08,9,"rs111833005,rs113981649,rs529907338,rs187989195,rs144742501",0.38797407621748875,0.2613615832291283,96,111,AD
TYROBP,ENSG00000011600,0.2177384021652723,0.2087343256043248,0.4174686512086496,2,2.08444e-10,2,"rs1002399693,rs1426557332",0.18511067804359016,0.2611798946000669,97,77,AD
MISP,ENSG00000099812,0.1685428596204939,0.134013224741302,1.072105797930416,8,3.16512e-08,8,"rs192894783,rs529907338,rs187989195,rs144742501,rs184115743",0.3702213560871803,0.26088981663239486,98,109,AD
RASGEF1C,ENSG00000146090,0.1950084288636229,0.13338550191929802,0.5335420076771921,4,3.38e-12,4,"rs113706587,rs114841132,rs116347724,rs111274391",0.271182241736001,0.2604982545154274,99,85,AD
MED16,ENSG00000175221,0.1905685978694698,0.15211451796440328,0.6084580718576131,4,4.28667e-09,4,"rs573965997,rs192692625,rs530404052,rs559823035",0.271182241736001,0.2564196245178513,100,94,AD
PSG9,ENSG00000183668,0.1983796679603971,0.09623289646605397,0.2886986893981619,3,3.0512e-08,3,"rs62113693,rs7251386,rs11671184",0.2335836689629755,0.25455329344233585,101,84,AD
SPPL2C,ENSG00000185294,0.0107468065208293,0.010133512211326901,1.3072230752611702,129,1.841e-08,129,"rs62056778,rs56194412,rs34416056,rs80233201,rs74998289",0.8201552192873464,0.2541491574694144,102,277,AD
SPDYE3,ENSG00000214300,0.2248954735205965,0.2248954735205965,0.2248954735205965,1,2.133e-18,1,rs7384878,0.11679183448148775,0.25205323738932683,103,71,AD
PILRA,ENSG00000085514,0.2248954735205965,0.2248954735205965,0.2248954735205965,1,2.133e-18,1,rs7384878,0.11679183448148775,0.25205323738932683,103,71,AD
PILRB,ENSG00000121716,0.2248954735205965,0.2248954735205965,0.2248954735205965,1,2.133e-18,1,rs7384878,0.11679183448148775,0.25205323738932683,103,71,AD
RABEP1,ENSG00000029725,0.0804817074673565,0.00797595741339602,0.3030863817090487,38,6.585e-13,38,"rs57402520,rs56117162,rs112065650,rs112809920,rs79970806",0.6172918211134478,0.25076504387073756,106,190,AD
PALM,ENSG00000099864,0.1538599284532646,0.13217785834539833,1.0574228667631866,8,3.30005e-08,8,"rs116144907,rs529907338,rs187989195,rs144742501,rs184115743",0.3702213560871803,0.24783766587158546,107,114,AD
MYBPC3,ENSG00000134571,0.1149079893339616,0.03538605118979054,0.6015628702264392,17,3.277e-12,17,"rs11500477,rs10838702,rs1534576,rs1377416,rs6485753",0.4870131905686681,0.24422343455235307,108,147,AD
RAPSN,ENSG00000165917,0.094308627713614,0.027750772485494398,0.6382677671663711,23,7.841e-12,23,"rs10838702,rs12292911,rs1534576,rs1377416,rs7103648",0.5354861814880534,0.23980419207930753,109,174,AD
HLA-DRA,ENSG00000204287,0.0031879312210563,0.0021329269791810768,0.2303561137515563,108,3.10879e-09,108,"rs28732216,rs28895198,rs28732223,rs28732224,rs28895120",0.7904686633995467,0.2395725423215249,110,292,AD
LILRA6,ENSG00000244482,0.194251573521621,0.16991832330467777,0.33983664660935553,2,3.159e-09,2,"rs12984029,rs12974390",0.18511067804359016,0.23899736478901157,111,86,AD
LILRB3,ENSG00000204577,0.194251573521621,0.16991832330467777,0.33983664660935553,2,3.159e-09,2,"rs12984029,rs12974390",0.18511067804359016,0.23899736478901157,111,86,AD
LILRB2,ENSG00000131042,0.194251573521621,0.16991832330467777,0.33983664660935553,2,3.159e-09,2,"rs12984029,rs12974390",0.18511067804359016,0.23899736478901157,111,86,AD
LILRB5,ENSG00000105609,0.194251573521621,0.16991832330467777,0.33983664660935553,2,3.159e-09,2,"rs12984029,rs12974390",0.18511067804359016,0.23899736478901157,111,86,AD
RPS9,ENSG00000170889,0.194251573521621,0.16991832330467777,0.33983664660935553,2,3.159e-09,2,"rs12984029,rs12974390",0.18511067804359016,0.23899736478901157,111,86,AD
LILRA3,ENSG00000170866,0.194251573521621,0.16991832330467777,0.33983664660935553,2,3.159e-09,2,"rs12984029,rs12974390",0.18511067804359016,0.23899736478901157,111,86,AD
HMHA1,ENSG00000180448,0.1389228042383755,0.05089376654754736,0.4071501323803789,8,8.04312e-10,8,"rs3795065,rs559324022,rs2074441,rs2074442,rs11084881",0.3702213560871803,0.23455955437156,117,120,AD
ZNF155,ENSG00000204920,0.1163889387154864,0.08061850197992627,1.0480405257390415,13,7.14003e-35,13,"rs12611102,rs74260441,rs78023654,rs10416702,rs10411144",0.44466796586922935,0.2342629986877671,118,146,AD
ZNF233,ENSG00000159915,0.133009568619988,0.13092829241926396,1.1783546317733757,9,2.76376e-42,9,"rs10153465,rs4802213,rs16978836,rs28422007,rs11879588",0.38797407621748875,0.23392051213120668,119,128,AD
LRFN2,ENSG00000156564,0.2042294421006833,0.2042294421006833,0.2042294421006833,1,2.603e-10,1,rs192675224,0.11679183448148775,0.23211129308570874,120,81,AD
BTNL2,ENSG00000204290,0.0030574973242014,0.0020990820563563856,0.1931155491847875,92,3.10879e-09,92,"rs28732216,rs28895120,rs28895118,rs28895067,rs28895116",0.7637203535150914,0.23147308149753568,121,293,AD
PTBP1,ENSG00000011304,0.1296765048380171,0.128956724200209,1.160610517801881,9,3.30005e-08,9,"rs529907338,rs188908277,rs544841632,rs187989195,rs144742501",0.38797407621748875,0.230975391051771,122,130,AD
ZNF221,ENSG00000159905,0.1201857615823907,0.09303315195369709,1.023364671490668,11,2.03798e-28,11,"rs377345993,rs10416702,rs10411144,rs10407513,rs141864586",0.4186943470065657,0.23069773599479265,123,143,AD
TREML4,ENSG00000188056,0.1005218860526923,0.02107010361842135,0.3371216578947416,16,1.414e-10,16,"rs3857580,rs9369266,rs34375289,rs9369267,rs13204001",0.4773822836045413,0.2293403608792338,124,159,AD
ZNF223,ENSG00000267022,0.1384570201080268,0.05858055345814973,0.4100638742070481,7,1.05099e-42,7,"rs16978665,rs8106828,rs11672683,rs147649776,rs58422302",0.3503755034444632,0.2290160867036347,125,121,AD
NFKBID,ENSG00000167604,0.1997143113899606,0.1997143113899606,0.1997143113899606,1,2.09064e-10,1,rs1244787406,0.11679183448148775,0.22775436149457473,126,82,AD
TEX101,ENSG00000131126,0.1266553682283161,0.04131752055915487,0.330540164473239,8,2.1707e-11,8,"rs12980519,rs61360090,rs140748572,rs12977607,rs188055150",0.3702213560871803,0.2236546184001077,127,135,AD
ZNF224,ENSG00000267680,0.1384570201080268,0.13119478128049825,0.7871686876829894,6,1.05099e-42,6,"rs16978665,rs75006290,rs13346417,rs7250439,rs8106828",0.32787613138774163,0.2232008338894009,128,121,AD
ZNF45,ENSG00000124459,0.1201857615823907,0.0924671671639658,0.8322045044756923,9,1.48765e-26,9,"rs10416702,rs10407513,rs10411144,rs141864586,rs2159622",0.38797407621748875,0.22258929650031029,129,143,AD
LILRA5,ENSG00000187116,0.194251573521621,0.194251573521621,0.194251573521621,1,3.159e-09,1,rs12984029,0.11679183448148775,0.22248302457931562,130,86,AD
LPPR3,ENSG00000129951,0.1296765048380171,0.1290804197585603,0.9035629383099221,7,3.30005e-08,7,"rs529907338,rs187989195,rs144742501,rs184115743,rs112458186",0.3503755034444632,0.22115851467109449,131,130,AD
C10orf40,ENSG00000235931,0.1614927800239518,0.07318898974388009,0.2195669692316403,3,2.742e-08,3,"rs723212,rs10994096,rs7096706",0.2335836689629755,0.22025125789213681,132,113,AD
ZNF404,ENSG00000176222,0.1201857615823907,0.09280730666568864,0.7424584533255091,8,1.48765e-26,8,"rs10416702,rs10411144,rs10407513,rs141864586,rs2159622",0.3702213560871803,0.2179035677179238,133,143,AD
ZNF284,ENSG00000186026,0.1384570201080268,0.09322354085033185,0.46611770425165927,5,1.05099e-42,5,"rs16978665,rs75006290,rs8106828,rs58422302,rs925866",0.30190251252507794,0.21648761719134563,134,121,AD
TSPAN14,ENSG00000108219,0.120453346226756,0.05966040261229242,0.4176228182860469,7,1.329e-14,7,"rs7922621,rs7910643,rs6586028,rs1902660,rs7900536",0.3503755034444632,0.212904826712364,135,142,AD
JAZF1,ENSG00000153814,0.1334079574253004,0.061721851027314645,0.3086092551365732,5,2.019e-08,5,"rs4722760,rs67250450,rs9648346,rs4722758,rs2893312",0.30190251252507794,0.21189585192156274,136,126,AD
EED,ENSG00000074266,0.1213819116647566,0.05794679860635127,0.3476807916381076,6,4.205e-33,6,"rs10792831,rs7941541,rs3844143,rs9787874,rs3851178",0.32787613138774163,0.2078052815959524,137,141,AD
NDUFAF6,ENSG00000156170,0.0319829974236106,0.015420462435915461,0.5242957228211257,34,1.819e-09,34,"rs34636042,rs13276936,rs13278601,rs13281709,rs34017741",0.5990583731237427,0.20595260463947068,138,239,AD
CEA,ENSG00000267881,0.1736299794178681,0.1736299794178681,0.1736299794178681,1,8.96004e-09,1,rs1274623634,0.11679183448148775,0.2025839606171557,139,101,AD
CEACAM5,ENSG00000105388,0.1736299794178681,0.1736299794178681,0.1736299794178681,1,8.96004e-09,1,rs1274623634,0.11679183448148775,0.2025839606171557,139,101,AD
TREML2,ENSG00000112195,0.1005218860526923,0.029091429046144125,0.232731432369153,8,3.268e-12,8,"rs3857580,rs9394766,rs9394767,rs3800342,rs9369267",0.3702213560871803,0.20042368818758577,141,159,AD
SUPT4H1,ENSG00000213246,0.1710581436967761,0.1710581436967761,0.1710581436967761,1,4.107e-08,1,rs2526377,0.11679183448148775,0.2001022357196191,142,104,AD
RNF43,ENSG00000108375,0.1710581436967761,0.1710581436967761,0.1710581436967761,1,4.107e-08,1,rs2526377,0.11679183448148775,0.2001022357196191,142,104,AD
BZRAP1,ENSG00000005379,0.1710581436967761,0.1710581436967761,0.1710581436967761,1,4.107e-08,1,rs2526377,0.11679183448148775,0.2001022357196191,142,104,AD
SCIMP,ENSG00000161929,0.0804817074673565,0.02961203420696407,0.3257323762766048,11,6.585e-13,11,"rs57402520,rs113762960,rs7502862,rs77972827,rs73976325",0.4186943470065657,0.19598084078312072,145,190,AD
PLAUR,ENSG00000011422,0.1486635863047916,0.10011142394903945,0.2002228478980789,2,1.2735e-14,2,"rs368745,rs139552503",0.18511067804359016,0.1959410245394871,146,116,AD
NOVA2,ENSG00000104967,0.1237375377831491,0.09441865757660872,0.3776746303064349,4,1.24595e-23,4,"rs147775460,rs188404818,rs141512392,rs140638562",0.271182241736001,0.19502558343907112,147,138,AD
PSG8,ENSG00000124467,0.1332873532876634,0.09185661819143705,0.27556985457431116,3,1.8505e-08,3,"rs192417281,rs1431055149,rs188304725",0.2335836689629755,0.19402232927436702,148,127,AD
HLA-DQA2,ENSG00000237541,0.098800594522657,0.04381860794440753,0.3067302556108527,7,3.187e-10,7,"rs3997854,rs9275614,rs9275618,rs9275609,rs9275608",0.3503755034444632,0.19352805314204952,149,169,AD
HLA-DQB2,ENSG00000232629,0.098800594522657,0.04381860794440753,0.3067302556108527,7,3.187e-10,7,"rs3997854,rs9275614,rs9275618,rs9275609,rs9275608",0.3503755034444632,0.19352805314204952,149,169,AD
CEACAM19,ENSG00000186567,0.1635263324804683,0.1635263324804683,0.1635263324804683,1,7.093e-15,1,rs186110295,0.11679183448148775,0.19283432071798756,151,112,AD
RELB,ENSG00000104856,0.1102403844906003,0.0771133247172276,0.38556662358613797,5,6.795000000000001e-32,5,"rs7245887,rs148851376,rs34415122,rs7251911,rs188643879",0.30190251252507794,0.1908265835302908,152,154,AD
TREM1,ENSG00000124731,0.1005218860526923,0.04570571313772851,0.2742342788263711,6,1.729e-11,6,"rs3857580,rs4714447,rs11755124,rs9369267,rs10947952",0.32787613138774163,0.18899710733338795,153,159,AD
TMEM259,ENSG00000182087,0.1402894673549,0.08519545158145216,0.1703909031629043,2,8.04312e-10,2,"rs3795065,rs545725335",0.18511067804359016,0.18803194724064515,154,119,AD
AP2S1,ENSG00000042753,0.0987581825092986,0.08773840965853598,0.5264304579512159,6,2.5633e-11,6,"rs183359830,rs117409811,rs532692678,rs76505653,rs533944662",0.32787613138774163,0.1874068866784111,155,171,AD
CELF1,ENSG00000149187,0.0531673241752031,0.023022060797224856,0.322308851161148,14,1.274e-09,14,"rs12292911,rs7933019,rs11600581,rs60075622,rs7106956",0.4562929197795912,0.182777238033649,156,216,AD
NCR2,ENSG00000096264,0.1508339313948141,0.1508339313948141,0.1508339313948141,1,2.036e-11,1,rs182420021,0.11679183448148775,0.18058663027436386,157,115,AD
IRGC,ENSG00000124449,0.1486635863047916,0.1486635863047916,0.1486635863047916,1,1.7004e-09,1,rs139552503,0.11679183448148775,0.17849232875969784,158,116,AD
SMG9,ENSG00000105771,0.1486635863047916,0.1486635863047916,0.1486635863047916,1,1.7004e-09,1,rs139552503,0.11679183448148775,0.17849232875969784,158,116,AD
POLR2E,ENSG00000099817,0.1295794059555144,0.07984042088175936,0.1596808417635187,2,8.04312e-10,2,"rs3795065,rs559324022",0.18511067804359016,0.17791664985951816,160,132,AD
IGFL2,ENSG00000204866,0.0736851378749599,0.0688048117208031,0.5504384937664248,8,5.84386e-17,8,"rs73048053,rs111511040,rs34896854,rs11881956,rs7252034",0.3702213560871803,0.1765676012008524,161,203,AD
OPLAH,ENSG00000178814,0.1264115557289811,0.11340656844659261,0.22681313689318522,2,3.503e-08,2,"rs61732533,rs60394484",0.18511067804359016,0.17492472050399713,162,136,AD
ZNF180,ENSG00000167384,0.1252838867076139,0.1000585505512212,0.2001171011024424,2,5.37403e-33,2,"rs1661184,rs149817049",0.18511067804359016,0.1738596745557761,163,137,AD
SLC1A5,ENSG00000105281,0.0987581825092986,0.09151475549407012,0.3660590219762805,4,2.5633e-11,4,"rs183359830,rs117409811,rs532692678,rs533944662",0.271182241736001,0.1720784154333055,164,171,AD
ZNF223,ENSG00000178386,0.1375984942668621,0.1375984942668621,0.1375984942668621,1,1.17951e-42,1,rs75006290,0.11679183448148775,0.16781493044111323,165,124,AD
ARID3A,ENSG00000116017,0.1370741197182782,0.1370741197182782,0.1370741197182782,1,3.7258e-09,1,rs181925026,0.11679183448148775,0.1673089286921747,166,125,AD
ARHGAP35,ENSG00000160007,0.0838192615153639,0.08023138266373896,0.4011569133186948,5,2.90289e-10,5,"rs145612958,rs76505653,rs137966138,rs147079386,rs181537813",0.30190251252507794,0.1667984415780418,167,188,AD
IRF2BP1,ENSG00000170604,0.0907735664415951,0.08273308970802445,0.3309323588320978,4,1.6857800000000002e-23,4,"rs753105075,rs188404818,rs141512392,rs139248897",0.271182241736001,0.1647433851909943,168,177,AD
NANOS2,ENSG00000188425,0.0907735664415951,0.08273308970802445,0.3309323588320978,4,1.6857800000000002e-23,4,"rs753105075,rs188404818,rs141512392,rs139248897",0.271182241736001,0.1647433851909943,168,177,AD
MYPOP,ENSG00000176182,0.0907735664415951,0.08273308970802445,0.3309323588320978,4,1.6857800000000002e-23,4,"rs753105075,rs188404818,rs141512392,rs139248897",0.271182241736001,0.1647433851909943,168,177,AD
DOC2A,ENSG00000149927,0.0352215337666976,0.0161268068370257,0.2096484888813341,13,1.245e-11,13,"rs12325539,rs12325400,rs11642612,rs11150581,rs7191849",0.44466796586922935,0.16392335719501686,171,229,AD
ZNF229,ENSG00000167383,0.1138864471818328,0.11224468413485736,0.22448936826971472,2,1.71423e-08,2,"rs141069725,rs140989912",0.18511067804359016,0.16309517135756846,172,150,AD
CLASRP,ENSG00000104859,0.0877668473322356,0.06942479013214052,0.2776991605285621,4,1.02e-26,4,"rs148851376,rs34415122,rs7251911,rs74800719",0.271182241736001,0.1619812767301388,173,182,AD
FKRP,ENSG00000181027,0.0972991216959392,0.08910027982232731,0.2673008394669819,3,2.5633e-11,3,"rs183359830,rs117409811,rs532692678",0.2335836689629755,0.1605559766350481,174,173,AD
MME,ENSG00000196549,0.1300345174617707,0.1300345174617707,0.1300345174617707,1,3.622e-08,1,rs76207154,0.11679183448148775,0.16051597685413443,175,129,AD
SBNO2,ENSG00000064932,0.1295794059555144,0.1295794059555144,0.1295794059555144,1,1.78423e-08,1,rs559324022,0.11679183448148775,0.16007681134019094,176,132,AD
GPX4,ENSG00000167468,0.1295794059555144,0.1295794059555144,0.1295794059555144,1,1.78423e-08,1,rs559324022,0.11679183448148775,0.16007681134019094,176,132,AD
KLF16,ENSG00000129911,0.084397044851345,0.05256200167233835,0.2102480066893534,4,6.143e-09,4,"rs11666480,rs149080927,rs11668832,rs35917007",0.271182241736001,0.15888562342654083,178,187,AD
ZNF594,ENSG00000180626,0.0804817074673565,0.03337007541259593,0.13348030165038371,4,6.585e-13,4,"rs57402520,rs111996834,rs113607145,rs8081019",0.271182241736001,0.15528881703323516,179,190,AD
OARD1,ENSG00000124596,0.0915667039095709,0.08463783103446847,0.2539134931034054,3,8.352e-16,3,"rs188904277,rs146846084,rs189239172",0.2335836689629755,0.15522525860225034,180,175,AD
MS4A4A,ENSG00000110079,0.0559110622965798,0.03562975999495548,0.2494083199646884,7,2.415e-16,7,"rs7107627,rs3041800,rs201153362,rs58052419,rs11827324",0.3503755034444632,0.15514675334983508,181,214,AD
FOXA3,ENSG00000170608,0.0907735664415951,0.08342062600792699,0.25026187802378097,3,1.6857800000000002e-23,3,"rs753105075,rs188404818,rs139248897",0.2335836689629755,0.1544877003222031,182,177,AD
BBC3,ENSG00000105327,0.0876963535923329,0.07754396720484467,0.232631901614534,3,7.67096e-09,3,"rs983405585,rs192508783,rs150403341",0.2335836689629755,0.1516261234731941,183,183,AD
FAM57B,ENSG00000149926,0.028750511801215,0.015360331029578655,0.1689636413253652,11,1.985e-11,11,"rs11642430,rs4788218,rs11642740,rs4238959,rs11544328",0.4186943470065657,0.15074751287377042,184,245,AD
ARL17B,ENSG00000228696,0.0121002726807227,0.01085081478844055,0.1519114070381677,14,6.175e-09,14,"rs373695612,rs2732611,rs2696546,rs1488671301,rs2732705",0.4562929197795912,0.14733176798911518,185,272,AD
NFYA,ENSG00000001167,0.0915667039095709,0.0860518011581812,0.1721036023163624,2,1.462e-13,2,"rs146846084,rs189239172",0.18511067804359016,0.14201491492857274,186,175,AD
ZNF112,ENSG00000062370,0.1106029210878819,0.1106029210878819,0.1106029210878819,1,3.86162e-08,1,rs140989912,0.11679183448148775,0.14176521601646874,187,151,AD
CTC-512J12.6,ENSG00000267173,0.1106029210878819,0.1106029210878819,0.1106029210878819,1,3.86162e-08,1,rs140989912,0.11679183448148775,0.14176521601646874,187,151,AD
ZNF285,ENSG00000267508,0.1106029210878819,0.1106029210878819,0.1106029210878819,1,3.86162e-08,1,rs140989912,0.11679183448148775,0.14176521601646874,187,151,AD
SYMPK,ENSG00000125755,0.0907735664415951,0.08498255114282194,0.16996510228564388,2,1.6857800000000002e-23,2,"rs753105075,rs139248897",0.18511067804359016,0.14126582292494058,190,177,AD
SAE1,ENSG00000142230,0.0876963535923329,0.07711083126096994,0.1542216625219399,2,8.60379e-09,2,"rs192508783,rs180775969",0.18511067804359016,0.1383594975627818,191,183,AD
CCDC9,ENSG00000105321,0.0876963535923329,0.07698403284656885,0.1539680656931377,2,8.60379e-09,2,"rs192508783,rs150403341",0.18511067804359016,0.1383594975627818,191,183,AD
FDFT1,ENSG00000079459,0.1069197051900655,0.1069197051900655,0.1069197051900655,1,2.346e-08,1,rs200518989,0.11679183448148775,0.13821105098110154,193,155,AD
FAM131B,ENSG00000159784,0.1060665341620536,0.1060665341620536,0.1060665341620536,1,1.561e-08,1,rs11767557,0.11679183448148775,0.13738777297593602,194,156,AD
FAM63B,ENSG00000128923,0.0601922522553315,0.03713138335901095,0.1485255334360438,4,1.042e-11,4,"rs593742,rs572107,rs507801,rs474875",0.271182241736001,0.1366500038056099,195,209,AD
PSG6,ENSG00000170848,0.0856343785308264,0.07964885244605086,0.1592977048921017,2,4.64633e-09,2,"rs141657405,rs181732960",0.18511067804359016,0.13641203058179863,196,186,AD
MS4A6A,ENSG00000110077,0.027740810427731,0.022460524324705376,0.179684194597643,8,1.07e-14,8,"rs200025446,rs199902507,rs9667329,rs624663,rs662196",0.3702213560871803,0.1357261451172315,197,247,AD
POU2F2,ENSG00000028277,0.1038196148298606,0.1038196148298606,0.1038196148298606,1,2.97961e-08,1,rs181249565,0.11679183448148775,0.13521958019296465,198,157,AD
ECHDC3,ENSG00000134463,0.1017214986023646,0.1017214986023646,0.1017214986023646,1,4.654e-08,1,rs12358692,0.11679183448148775,0.13319497681841805,199,158,AD
KIAA1875,ENSG00000179698,0.1004015811642041,0.1004015811642041,0.1004015811642041,1,4.42e-08,1,rs60394484,0.11679183448148775,0.1319213060539476,200,162,AD
MAF1,ENSG00000179632,0.1004015811642041,0.1004015811642041,0.1004015811642041,1,4.42e-08,1,rs60394484,0.11679183448148775,0.1319213060539476,200,162,AD
PARP10,ENSG00000178685,0.1004015811642041,0.1004015811642041,0.1004015811642041,1,4.42e-08,1,rs60394484,0.11679183448148775,0.1319213060539476,200,162,AD
SPATC1,ENSG00000186583,0.1004015811642041,0.1004015811642041,0.1004015811642041,1,4.42e-08,1,rs60394484,0.11679183448148775,0.1319213060539476,200,162,AD
CYC1,ENSG00000179091,0.1004015811642041,0.1004015811642041,0.1004015811642041,1,4.42e-08,1,rs60394484,0.11679183448148775,0.1319213060539476,200,162,AD
GPAA1,ENSG00000197858,0.1004015811642041,0.1004015811642041,0.1004015811642041,1,4.42e-08,1,rs60394484,0.11679183448148775,0.1319213060539476,200,162,AD
EXOSC4,ENSG00000178896,0.1004015811642041,0.1004015811642041,0.1004015811642041,1,4.42e-08,1,rs60394484,0.11679183448148775,0.1319213060539476,200,162,AD
PPP5C,ENSG00000011485,0.077513606044145,0.06688353353942031,0.13376706707884062,2,5.56545e-16,2,"rs148774309,rs200602713",0.18511067804359016,0.12874223060549142,207,195,AD
PPP1R37,ENSG00000104866,0.0767818543718173,0.0567732712647772,0.1135465425295544,2,6.452e-24,2,"rs77401305,rs7251911",0.18511067804359016,0.12805111544763095,208,196,AD
ERCC2,ENSG00000104884,0.0764979788089845,0.0608916798632632,0.1217833597265264,2,3.1174499999999998e-25,2,"rs60152947,rs3916865",0.18511067804359016,0.12778300440417295,209,198,AD
IGFL3,ENSG00000188624,0.0501783200700835,0.049991288875902304,0.19996515550360922,4,1.72731e-08,4,"rs73046150,rs16980293,rs2041989,rs73046127",0.271182241736001,0.12745075179393825,210,225,AD
MADD,ENSG00000110514,0.0307931205118388,0.02566252688883705,0.1539751613330223,6,1.464e-10,6,"rs10617423,rs11601173,rs11607981,rs11601603,rs58369487",0.32787613138774163,0.12612706116012784,211,240,AD
WNT3,ENSG00000108379,0.0145960736400065,0.011820204325924025,0.0945616346073922,8,4.359e-09,8,"rs199525,rs199515,rs199498,rs199516,rs199514",0.3702213560871803,0.12404134701319511,212,269,AD
HS3ST5,ENSG00000249853,0.0554802222696248,0.04356783642097894,0.1307035092629368,3,3.235e-08,3,"rs976271,rs9374457,rs1028299",0.2335836689629755,0.12166754079673134,213,215,AD
USP6,ENSG00000129204,0.0181672522272344,0.017484207769804885,0.1223894543886342,7,1.518e-10,7,"rs111996834,rs113607145,rs55756850,rs61745111,rs61740308",0.3503755034444632,0.12137029521697743,214,265,AD
GNPNAT1,ENSG00000100522,0.0217287808107556,0.018581654197785666,0.111489925186714,6,9.392e-09,6,"rs2025632,rs2357944,rs75762751,rs7146179,rs12587286",0.32787613138774163,0.11795431564947727,215,258,AD
TAS2R41,ENSG00000221855,0.0216885840293038,0.020356065128443866,0.1221363907706632,6,1.458e-10,6,"rs9640385,rs7799105,rs62474772,rs62474771,rs55881450",0.32787613138774163,0.11791807273758445,216,259,AD
NSF,ENSG00000073969,0.0207167606384343,0.01324277881545415,0.0794566728927249,6,3.131e-09,6,"rs199439,rs199535,rs169201,rs199448,rs199534",0.32787613138774163,0.11704184065485207,217,260,AD
ZNF222,ENSG00000159885,0.0277733964866941,0.02741541373912306,0.1370770686956153,5,2.42003e-09,5,"rs11672683,rs147649776,rs58422302,rs925866,rs10530916",0.30190251252507794,0.11582869279001104,218,246,AD
OPA3,ENSG00000125741,0.0635557767932467,0.05444068027368955,0.1088813605473791,2,8.20692e-10,2,"rs73942917,rs9789254",0.18511067804359016,0.11555952432558825,219,208,AD
GPR111,ENSG00000164393,0.0829541885385052,0.0829541885385052,0.0829541885385052,1,4.686e-13,1,rs1385742,0.11679183448148775,0.11508522732575095,220,189,AD
REXO1,ENSG00000079313,0.0251345380955798,0.02142224938345772,0.1071112469172886,5,2.114e-08,5,"rs11670190,rs11668832,rs11669862,rs11667638,rs35917007",0.30190251252507794,0.11342883779243934,221,252,AD
FBXO46,ENSG00000177051,0.0251030468993061,0.024797319074676062,0.1239865953733803,5,5.72348e-10,5,"rs6509233,rs34568773,rs12975617,rs4803849,rs8100587",0.30190251252507794,0.11340019877754887,222,253,AD
DACT3,ENSG00000197380,0.0795813391550182,0.0795813391550182,0.0795813391550182,1,1.00911e-09,1,rs535076290,0.11679183448148775,0.11183055432234211,223,193,AD
ANK3,ENSG00000151150,0.0589955779452108,0.04069590112600435,0.0813918022520087,2,1.259e-08,2,"rs6479689,rs7096706",0.18511067804359016,0.11125256792778442,224,212,AD
ZNF296,ENSG00000170684,0.0767818543718173,0.0767818543718173,0.0767818543718173,1,4.80452e-10,1,rs7251911,0.11679183448148775,0.10912915662817113,225,196,AD
L47234.1,ENSG00000268341,0.0764979788089845,0.0764979788089845,0.0764979788089845,1,3.58748e-08,1,rs60152947,0.11679183448148775,0.10885522736966263,226,198,AD
PPP1R13L,ENSG00000104881,0.0764979788089845,0.0764979788089845,0.0764979788089845,1,3.58748e-08,1,rs60152947,0.11679183448148775,0.10885522736966263,226,198,AD
CKM,ENSG00000104879,0.0764979788089845,0.0764979788089845,0.0764979788089845,1,3.58748e-08,1,rs60152947,0.11679183448148775,0.10885522736966263,226,198,AD
KLC3,ENSG00000104892,0.0764979788089845,0.0764979788089845,0.0764979788089845,1,3.58748e-08,1,rs60152947,0.11679183448148775,0.10885522736966263,226,198,AD
LRRC37A,ENSG00000176681,0.0114601445035993,0.010967766108803666,0.065806596652822,6,1.855e-08,6,"rs2696546,rs2732705,rs2532348,rs2668618,rs2696543",0.32787613138774163,0.1086957315664264,230,275,AD
MTCH2,ENSG00000109919,0.0195157988867575,0.01860623909738946,0.0930311954869473,5,5.247e-09,5,"rs149098008,rs199803861,rs10838738,rs11039327,rs12787646",0.30190251252507794,0.10831899202892702,231,261,AD
ZC3H4,ENSG00000130749,0.0733513430383803,0.0733513430383803,0.0733513430383803,1,8.87789e-09,1,rs141603377,0.11679183448148775,0.10581884200828662,232,204,AD
COX7C,ENSG00000127184,0.0373354910220439,0.024998313473975034,0.0749949404219251,3,7.16e-13,3,"rs2452760,rs10050684,rs2452761",0.2335836689629755,0.10479430341829757,233,228,AD
IRGQ,ENSG00000167378,0.0515592615932873,0.0441091779107798,0.0882183558215596,2,1.2735e-14,2,"rs368745,rs113927234",0.18511067804359016,0.10422921404447627,234,217,AD
CADM4,ENSG00000105767,0.0515592615932873,0.03716974336460685,0.0743394867292137,2,1.2735e-14,2,"rs368745,rs400058",0.18511067804359016,0.10422921404447627,234,217,AD
SORL1,ENSG00000137642,0.035102816455704,0.0343897415787498,0.1031692247362494,3,4.084e-08,3,"rs17125414,rs59569393,rs4936635",0.2335836689629755,0.10271808374699946,236,230,AD
PPOX,ENSG00000143224,0.0332359130373675,0.03179505699456504,0.0953851709836951,3,2.206e-08,3,"rs12041364,rs11591206,rs12741203",0.2335836689629755,0.10098200377367933,237,231,AD
PRR24,ENSG00000257704,0.0662717121008048,0.0662717121008048,0.0662717121008048,1,2.44191e-08,1,rs150403341,0.11679183448148775,0.09898726399610652,238,205,AD
C5AR1,ENSG00000197405,0.0662717121008048,0.0662717121008048,0.0662717121008048,1,2.44191e-08,1,rs150403341,0.11679183448148775,0.09898726399610652,238,205,AD
AGBL2,ENSG00000165923,0.0182110440510937,0.017876467430498526,0.0715058697219941,4,7.109e-09,4,"rs11039327,rs12787646,rs11602395,rs12787112",0.271182241736001,0.09808416304685538,240,264,AD
PSG11,ENSG00000243130,0.0637553393476375,0.0637553393476375,0.0637553393476375,1,3.30248e-08,1,rs150619356,0.11679183448148775,0.09655905877996371,241,207,AD
SNX31,ENSG00000174226,0.0592501020790675,0.0592501020790675,0.0592501020790675,1,2.237e-08,1,rs1693568,0.11679183448148775,0.09221167398900493,242,210,AD
PABPC1,ENSG00000070756,0.0592501020790675,0.0592501020790675,0.0592501020790675,1,2.237e-08,1,rs1693568,0.11679183448148775,0.09221167398900493,242,210,AD
CCDC8,ENSG00000169515,0.0562534610346956,0.0562534610346956,0.0562534610346956,1,1.19702e-11,1,rs200602713,0.11679183448148775,0.08932002790608942,244,213,AD
UFC1,ENSG00000143222,0.0332359130373675,0.0325007149163733,0.0650014298327466,2,2.206e-08,2,"rs12041364,rs11591206",0.18511067804359016,0.08692341973112108,245,231,AD
USP21,ENSG00000143258,0.0332359130373675,0.0325007149163733,0.0650014298327466,2,2.206e-08,2,"rs12041364,rs11591206",0.18511067804359016,0.08692341973112108,245,231,AD
DEDD,ENSG00000158796,0.0332359130373675,0.0325007149163733,0.0650014298327466,2,2.206e-08,2,"rs12041364,rs11591206",0.18511067804359016,0.08692341973112108,245,231,AD
B4GALT3,ENSG00000158850,0.0332359130373675,0.0325007149163733,0.0650014298327466,2,2.206e-08,2,"rs12041364,rs11591206",0.18511067804359016,0.08692341973112108,245,231,AD
NIT1,ENSG00000158793,0.0332359130373675,0.0325007149163733,0.0650014298327466,2,2.206e-08,2,"rs12041364,rs11591206",0.18511067804359016,0.08692341973112108,245,231,AD
PFDN2,ENSG00000143256,0.0332359130373675,0.0325007149163733,0.0650014298327466,2,2.206e-08,2,"rs12041364,rs11591206",0.18511067804359016,0.08692341973112108,245,231,AD
KLHDC9,ENSG00000162755,0.0332359130373675,0.0325007149163733,0.0650014298327466,2,2.206e-08,2,"rs12041364,rs11591206",0.18511067804359016,0.08692341973112108,245,231,AD
C16orf92,ENSG00000167194,0.0169522624082065,0.013115271738958165,0.0393458152168745,3,6.61e-11,3,"rs4238959,rs11544328,rs4318227",0.2335836689629755,0.08583943160193955,252,268,AD
ZNF576,ENSG00000124444,0.0515592615932873,0.0515592615932873,0.0515592615932873,1,1.2735e-14,1,rs368745,0.11679183448148775,0.08479030171393634,253,217,AD
SRRM5,ENSG00000226763,0.0515592615932873,0.0515592615932873,0.0515592615932873,1,1.2735e-14,1,rs368745,0.11679183448148775,0.08479030171393634,253,217,AD
ZNF428,ENSG00000131116,0.0515592615932873,0.0515592615932873,0.0515592615932873,1,1.2735e-14,1,rs368745,0.11679183448148775,0.08479030171393634,253,217,AD
XRCC1,ENSG00000073050,0.0515592615932873,0.0515592615932873,0.0515592615932873,1,1.2735e-14,1,rs368745,0.11679183448148775,0.08479030171393634,253,217,AD
L34079.2,ENSG00000268361,0.0515592615932873,0.0515592615932873,0.0515592615932873,1,1.2735e-14,1,rs368745,0.11679183448148775,0.08479030171393634,253,217,AD
PINLYP,ENSG00000234465,0.0515592615932873,0.0515592615932873,0.0515592615932873,1,1.2735e-14,1,rs368745,0.11679183448148775,0.08479030171393634,253,217,AD
MS4A6E,ENSG00000166926,0.0265087281503444,0.025875541040861802,0.051751082081723604,2,1.169e-14,2,"rs11827324,rs10792263",0.18511067804359016,0.08056981697082641,259,249,AD
TP53INP1,ENSG00000164938,0.0110088072341789,0.010705530559578734,0.0321165916787362,3,2.602e-08,3,"rs896853,rs896852,rs4735333",0.2335836689629755,0.08031246464767185,260,276,AD
ADAMTS1,ENSG00000154734,0.046739189727421,0.046739189727421,0.046739189727421,1,1.414e-08,1,rs11702792,0.11679183448148775,0.08013911335873419,261,226,AD
TAOK2,ENSG00000149930,0.0104045147148528,0.010061230507654466,0.0301836915229634,3,9.452e-10,3,"rs4318227,rs11642046,rs11150579",0.2335836689629755,0.07975051798748309,262,285,AD
AC006126.3,ENSG00000266958,0.0443267242597251,0.0443267242597251,0.0443267242597251,1,9.96644e-09,1,rs620807,0.11679183448148775,0.07781117477131691,263,227,AD
ATP8B3,ENSG00000130270,0.0226114915980304,0.0208566922934078,0.0417133845868156,2,2.114e-08,2,"rs11668832,rs35917007",0.18511067804359016,0.07688900644872093,264,256,AD
NUP88,ENSG00000108559,0.016998289585271,0.0168494175804568,0.0336988351609136,2,7.309e-11,2,"rs75367124,rs148116771",0.18511067804359016,0.0715875235251348,265,267,AD
SLC24A4,ENSG00000140090,0.0116096926643034,0.01151069477331735,0.0230213895466347,2,2.54389e-09,2,"rs12897935,rs12878453",0.18511067804359016,0.06649817265309037,266,274,AD
TMEM219,ENSG00000149932,0.0104045147148528,0.01016179081043075,0.0203235816208615,2,1.025e-09,2,"rs4318227,rs9925102",0.18511067804359016,0.06535992209585557,267,285,AD
STH,ENSG00000256762,0.0103911039584331,0.010369571943835,0.02073914388767,2,2.173e-08,2,"rs62063857,rs79772576",0.18511067804359016,0.06534725608170004,268,290,AD
AC004528.1,ENSG00000269169,0.0301014358080043,0.0301014358080043,0.0301014358080043,1,8.04312e-10,1,rs3795065,0.11679183448148775,0.06408430557988756,269,241,AD
WDR18,ENSG00000065268,0.0301014358080043,0.0301014358080043,0.0301014358080043,1,8.04312e-10,1,rs3795065,0.11679183448148775,0.06408430557988756,269,241,AD
GRIN3B,ENSG00000116032,0.0301014358080043,0.0301014358080043,0.0301014358080043,1,8.04312e-10,1,rs3795065,0.11679183448148775,0.06408430557988756,269,241,AD
CNN2,ENSG00000064666,0.0301014358080043,0.0301014358080043,0.0301014358080043,1,8.04312e-10,1,rs3795065,0.11679183448148775,0.06408430557988756,269,241,AD
ACE,ENSG00000264813,0.0273875312335523,0.0273875312335523,0.0273875312335523,1,1.939e-15,1,rs4968782,0.11679183448148775,0.061465489573592935,273,248,AD
MS4A14,ENSG00000166928,0.0265087281503444,0.0265087281503444,0.0265087281503444,1,1.169e-14,1,rs11827324,0.11679183448148775,0.06061747759765579,274,249,AD
MS4A7,ENSG00000166927,0.0265087281503444,0.0265087281503444,0.0265087281503444,1,1.169e-14,1,rs11827324,0.11679183448148775,0.06061747759765579,274,249,AD
LYPD5,ENSG00000159871,0.0244239538665649,0.0244239538665649,0.0244239538665649,1,1.47809e-11,1,rs8100565,0.11679183448148775,0.058605748697801024,276,254,AD
C6orf10,ENSG00000204296,0.001939253808692,0.00174262505536645,0.0034852501107329,2,7.41001e-09,2,"rs3763313,rs28732208",0.18511067804359016,0.05736476424554137,277,294,AD
PPP4C,ENSG00000149923,0.0230364311422018,0.0230364311422018,0.0230364311422018,1,5.002e-11,1,rs2278557,0.11679183448148775,0.05726684137074686,278,255,AD
ONECUT3,ENSG00000205922,0.0226114915980304,0.0226114915980304,0.0226114915980304,1,2.114e-08,1,rs11668832,0.11679183448148775,0.056856790667247706,279,256,AD
ABHD17A,ENSG00000129968,0.0191018929887852,0.0191018929887852,0.0191018929887852,1,3.181e-08,1,rs35917007,0.11679183448148775,0.05347015979596273,280,262,AD
NUP160,ENSG00000030066,0.0189445521780345,0.0189445521780345,0.0189445521780345,1,7.887e-09,1,rs34467936,0.11679183448148775,0.05331833182178995,281,263,AD
ZNF232,ENSG00000167840,0.0173473730266414,0.0173473730266414,0.0173473730266414,1,1.853e-10,1,rs112362507,0.11679183448148775,0.05177711391532289,282,266,AD
TREML1,ENSG00000161911,0.0117349946539646,0.0117349946539646,0.0117349946539646,1,1.606e-10,1,rs9357347,0.11679183448148775,0.04636137953243083,283,273,AD
BCKDK,ENSG00000103507,0.0107053612763335,0.0107053612763335,0.0107053612763335,1,9.697e-10,1,rs7190802,0.11679183448148775,0.045367821986104805,284,278,AD
KAT8,ENSG00000103510,0.0107053612763335,0.0107053612763335,0.0107053612763335,1,9.697e-10,1,rs7190802,0.11679183448148775,0.045367821986104805,284,278,AD
FUS,ENSG00000089280,0.0107053612763335,0.0107053612763335,0.0107053612763335,1,9.697e-10,1,rs7190802,0.11679183448148775,0.045367821986104805,284,278,AD
PRSS36,ENSG00000178226,0.0107053612763335,0.0107053612763335,0.0107053612763335,1,9.697e-10,1,rs7190802,0.11679183448148775,0.045367821986104805,284,278,AD
PRSS8,ENSG00000052344,0.0107053612763335,0.0107053612763335,0.0107053612763335,1,9.697e-10,1,rs7190802,0.11679183448148775,0.045367821986104805,284,278,AD
C16orf98,ENSG00000261359,0.0107053612763335,0.0107053612763335,0.0107053612763335,1,9.697e-10,1,rs7190802,0.11679183448148775,0.045367821986104805,284,278,AD
PYCARD,ENSG00000103490,0.0107053612763335,0.0107053612763335,0.0107053612763335,1,9.697e-10,1,rs7190802,0.11679183448148775,0.045367821986104805,284,278,AD
KCTD13,ENSG00000174943,0.0104045147148528,0.0104045147148528,0.0104045147148528,1,1.206e-09,1,rs4318227,0.11679183448148775,0.04507751635116794,291,285,AD
INO80E,ENSG00000169592,0.0104045147148528,0.0104045147148528,0.0104045147148528,1,1.206e-09,1,rs4318227,0.11679183448148775,0.04507751635116794,291,285,AD
HIRIP3,ENSG00000149929,0.0104045147148528,0.0104045147148528,0.0104045147148528,1,1.206e-09,1,rs4318227,0.11679183448148775,0.04507751635116794,291,285,AD
ZFP3,ENSG00000180787,0.0031937012572711,0.0031937012572711,0.0031937012572711,1,4.79443e-08,1,rs1047966,0.11679183448148775,0.03811935213313066,294,291,AD
