gene_name,snp_count,best_pvalue,max_risk_score,max_combined_score,min_distance,gene_id,gene_rank,ensembl_id,biotype,description,uniprot_ids,omim_ids,hgnc_id,entrez_id
APOC2,555,2.51189e-111,0.575141021607952,0.9778972337352204,0,ENSG00000234906,1,ENSG00000234906,protein_coding,apolipoprotein C-II [Source:HGNC Symbol;Acc:609],APOC2,608083,609,344
APOC1,1240,2.51189e-111,0.575141021607952,0.9778972337352204,0,ENSG00000130208,2,ENSG00000130208,protein_coding,apolipoprotein C-I [Source:HGNC Symbol;Acc:607],APOC1,107710,607,341
CLPTM1,1210,2.51189e-111,0.575141021607952,0.9778972337352204,0,ENSG00000104853,3,ENSG00000104853,protein_coding,cleft lip and palate associated transmembrane protein 1 [Source:HGNC Symbol;Acc:2087],CLPTM1,604783,2087,1209
CTB-129P6.11,103,2.51189e-111,0.575141021607952,0.9778972337352204,0,ENSG00000267114,4,ENSG00000267114,protein_coding,Uncharacterized protein  [Source:UniProtKB/TrEMBL;Acc:K7EM12],,,,
PVRL2,1452,2.51189e-111,0.575141021607952,0.9778972337352204,0,ENSG00000130202,5,ENSG00000130202,protein_coding,poliovirus receptor-related 2 (herpesvirus entry mediator B) [Source:HGNC Symbol;Acc:9707],PVRL2,600798,9707,5819
APOC4,260,2.51189e-111,0.575141021607952,0.9778972337352204,0,ENSG00000267467,6,ENSG00000267467,protein_coding,apolipoprotein C-IV [Source:HGNC Symbol;Acc:611],APOC4,600745,611,346
APOC4-APOC2,260,2.51189e-111,0.575141021607952,0.9778972337352204,0,ENSG00000224916,7,ENSG00000224916,protein_coding,APOC4-APOC2 readthrough (NMD candidate) [Source:HGNC Symbol;Acc:44426],"APOC4,APOC2","608083,600745",44426,344
TOMM40,1272,2.51189e-111,0.575141021607952,0.9778972337352204,0,ENSG00000130204,8,ENSG00000130204,protein_coding,translocase of outer mitochondrial membrane 40 homolog (yeast) [Source:HGNC Symbol;Acc:18001],TOMM40,608061,18001,10452
APOE,945,2.51189e-111,0.575141021607952,0.9778972337352204,0,ENSG00000130203,9,ENSG00000130203,protein_coding,apolipoprotein E [Source:HGNC Symbol;Acc:613],APOE,107741,613,348
BCAM,1180,1.1436700000000002e-100,0.3875404467811686,0.6891003566505008,0,ENSG00000187244,10,ENSG00000187244,protein_coding,basal cell adhesion molecule (Lutheran blood group) [Source:HGNC Symbol;Acc:6722],BCAM,612773,6722,4059
BCL3,189,1.1436700000000002e-100,0.3875404467811686,0.6891003566505008,1301,ENSG00000069399,11,ENSG00000069399,protein_coding,B-cell CLL/lymphoma 3 [Source:HGNC Symbol;Acc:998],BCL3,109560,998,602
CBLC,62,1.1436700000000002e-100,0.3875404467811686,0.6891003566505008,0,ENSG00000142273,12,ENSG00000142273,protein_coding,"Cbl proto-oncogene C, E3 ubiquitin protein ligase [Source:HGNC Symbol;Acc:15961]",CBLC,608453,15961,23624
TREM2,39,1.394e-27,0.4155678454511333,0.6378610108965549,0,ENSG00000095970,13,ENSG00000095970,protein_coding,triggering receptor expressed on myeloid cells 2 [Source:HGNC Symbol;Acc:17761],TREM2,605086,17761,54209
TREML1,39,1.394e-27,0.4155678454511333,0.6378610108965549,7132,ENSG00000161911,14,ENSG00000161911,protein_coding,triggering receptor expressed on myeloid cells-like 1 [Source:HGNC Symbol;Acc:20434],TREML1,609714,20434,340205
TREML2,46,1.394e-27,0.4155678454511333,0.6378610108965549,0,ENSG00000112195,15,ENSG00000112195,protein_coding,triggering receptor expressed on myeloid cells-like 2 [Source:HGNC Symbol;Acc:21092],TREML2,609715,21092,79865
CYP27C1,4,5.369e-20,0.4010270621716653,0.6241047540122546,47598,ENSG00000186684,16,ENSG00000186684,protein_coding,"cytochrome P450, family 27, subfamily C, polypeptide 1 [Source:HGNC Symbol;Acc:33480]",CYP27C1,,33480,339761
BIN1,203,4.053e-24,0.4010270621716653,0.6241047540122546,0,ENSG00000136717,17,ENSG00000136717,protein_coding,bridging integrator 1 [Source:HGNC Symbol;Acc:1052],BIN1,601248,1052,274
ALPK2,6,3.30474e-08,0.4096576111200808,0.6119534449503451,0,ENSG00000198796,18,ENSG00000198796,protein_coding,alpha-kinase 2 [Source:HGNC Symbol;Acc:20565],ALPK2,,20565,115701
FAM203A,12,2.934e-12,0.3983415940666998,0.6071322386470348,34065,ENSG00000235173,19,ENSG00000235173,protein_coding,"family with sequence similarity 203, member A [Source:HGNC Symbol;Acc:24161]","C8ORF30A,FAM203A",,24161,51236
EXOSC4,15,2.934e-12,0.3983415940666998,0.6071322386470348,8916,ENSG00000178896,20,ENSG00000178896,protein_coding,exosome component 4 [Source:HGNC Symbol;Acc:18189],EXOSC4,606491,18189,54512
GPAA1,90,2.934e-12,0.3983415940666998,0.6071322386470348,12880,ENSG00000197858,21,ENSG00000197858,protein_coding,glycosylphosphatidylinositol anchor attachment 1 [Source:HGNC Symbol;Acc:4446],GPAA1,603048,4446,8733
KIAA1875,12,2.934e-12,0.3983415940666998,0.6071322386470348,4022,ENSG00000179698,22,ENSG00000179698,protein_coding,KIAA1875 [Source:HGNC Symbol;Acc:26959],KIAA1875,,26959,
MAF1,18,2.934e-12,0.3983415940666998,0.6071322386470348,795,ENSG00000179632,23,ENSG00000179632,protein_coding,MAF1 homolog (S. cerevisiae) [Source:HGNC Symbol;Acc:24966],MAF1,610210,24966,84232
MROH1,22,2.934e-12,0.3983415940666998,0.6071322386470348,44312,ENSG00000179832,24,ENSG00000179832,protein_coding,maestro heat-like repeat family member 1 [Source:HGNC Symbol;Acc:26958],MROH1,,26958,377711
CYC1,16,2.934e-12,0.3983415940666998,0.6071322386470348,1794,ENSG00000179091,25,ENSG00000179091,protein_coding,cytochrome c-1 [Source:HGNC Symbol;Acc:2579],CYC1,123980,2579,1537
OPLAH,25,2.934e-12,0.3983415940666998,0.6071322386470348,0,ENSG00000178814,26,ENSG00000178814,protein_coding,5-oxoprolinase (ATP-hydrolysing) [Source:HGNC Symbol;Acc:8149],OPLAH,614243,8149,26873
SHARPIN,40,2.934e-12,0.3983415940666998,0.6071322386470348,0,ENSG00000179526,27,ENSG00000179526,protein_coding,SHANK-associated RH domain interactor [Source:HGNC Symbol;Acc:25321],SHARPIN,611885,25321,81858
PLCG2,208,2.207e-12,0.3598878235590035,0.5621341574546235,0,ENSG00000197943,28,ENSG00000197943,protein_coding,"phospholipase C, gamma 2 (phosphatidylinositol-specific) [Source:HGNC Symbol;Acc:9066]",PLCG2,600220,9066,5336
PICALM,984,4.205e-33,0.3322308604733799,0.5586292403078866,0,ENSG00000073921,29,ENSG00000073921,protein_coding,phosphatidylinositol binding clathrin assembly protein [Source:HGNC Symbol;Acc:15514],PICALM,603025,15514,8301
ATP8B4,54,5.117e-10,0.3497755112803415,0.5507219812892565,0,ENSG00000104043,30,ENSG00000104043,protein_coding,"ATPase, class I, type 8B, member 4 [Source:HGNC Symbol;Acc:13536]",ATP8B4,609123,13536,79895
FGFRL1,35,5.036e-10,0.3416415428428426,0.5419699546926289,16381,ENSG00000127418,31,ENSG00000127418,protein_coding,fibroblast growth factor receptor-like 1 [Source:HGNC Symbol;Acc:3693],FGFRL1,605830,3693,53834
TMEM175,114,5.036e-10,0.3416415428428426,0.5419699546926289,1071,ENSG00000127419,32,ENSG00000127419,protein_coding,transmembrane protein 175 [Source:HGNC Symbol;Acc:28709],"MGC4618,TMEM175",,28709,84286
DGKQ,30,5.036e-10,0.3416415428428426,0.5419699546926289,0,ENSG00000145214,33,ENSG00000145214,protein_coding,"diacylglycerol kinase, theta 110kDa [Source:HGNC Symbol;Acc:2856]",DGKQ,601207,2856,1609
IDUA,66,5.036e-10,0.3416415428428426,0.5419699546926289,0,ENSG00000127415,34,ENSG00000127415,protein_coding,"iduronidase, alpha-L- [Source:HGNC Symbol;Acc:5391]",IDUA,252800,5391,3425
SLC26A1,24,5.036e-10,0.3416415428428426,0.5419699546926289,115,ENSG00000145217,35,ENSG00000145217,protein_coding,"solute carrier family 26 (anion exchanger), member 1 [Source:HGNC Symbol;Acc:10993]",SLC26A1,610130,10993,10861
APH1B,18,1.746e-21,0.3161727115212608,0.5353784278950623,0,ENSG00000138613,36,ENSG00000138613,protein_coding,APH1B gamma secretase subunit [Source:HGNC Symbol;Acc:24080],"APH1B,APH-1B",607630,24080,83464
CA12,12,1.746e-21,0.3161727115212608,0.5353784278950623,41757,ENSG00000074410,37,ENSG00000074410,protein_coding,carbonic anhydrase XII [Source:HGNC Symbol;Acc:1371],CA12,603263,1371,771
RAB8B,10,1.746e-21,0.3161727115212608,0.5353784278950623,9921,ENSG00000166128,38,ENSG00000166128,protein_coding,"RAB8B, member RAS oncogene family [Source:HGNC Symbol;Acc:30273]",RAB8B,613532,30273,51762
ZYX,320,3.997e-16,0.3180041031320512,0.5275996341522625,10903,ENSG00000159840,39,ENSG00000159840,protein_coding,zyxin [Source:HGNC Symbol;Acc:13200],ZYX,602002,13200,7791
TAS2R60,32,3.997e-16,0.3180041031320512,0.5275996341522625,8363,ENSG00000185899,40,ENSG00000185899,protein_coding,"taste receptor, type 2, member 60 [Source:HGNC Symbol;Acc:20639]","TAS2R60,HOSA(JAPANESE)-T2R56",613968,20639,338398
EPHA1,224,3.997e-16,0.3180041031320512,0.5275996341522625,0,ENSG00000146904,41,ENSG00000146904,protein_coding,EPH receptor A1 [Source:HGNC Symbol;Acc:3385],EPHA1,179610,3385,2041
IL17RD,6,1.237e-08,0.3301257748864561,0.527031631522141,21816,ENSG00000144730,42,ENSG00000144730,protein_coding,interleukin 17 receptor D [Source:HGNC Symbol;Acc:17616],IL17RD,606807,17616,54756
APPL1,8,1.237e-08,0.3301257748864561,0.527031631522141,35615,ENSG00000157500,43,ENSG00000157500,protein_coding,"adaptor protein, phosphotyrosine interaction, PH domain and leucine zipper containing 1 [Source:HGNC Symbol;Acc:24035]",APPL1,604299,24035,26060
HESX1,3,1.237e-08,0.3301257748864561,0.527031631522141,5794,ENSG00000163666,44,ENSG00000163666,protein_coding,HESX homeobox 1 [Source:HGNC Symbol;Acc:4877],HESX1,601802,4877,8820
FAM171A2,4,1.756e-12,0.3154725509768599,0.5182435871793409,339,ENSG00000161682,45,ENSG00000161682,protein_coding,"family with sequence similarity 171, member A2 [Source:HGNC Symbol;Acc:30480]",FAM171A2,,30480,284069
SLC25A39,14,1.756e-12,0.3154725509768599,0.5182435871793409,28006,ENSG00000013306,46,ENSG00000013306,protein_coding,"solute carrier family 25, member 39 [Source:HGNC Symbol;Acc:24279]",SLC25A39,610820,24279,51629
GPATCH8,9,1.756e-12,0.3154725509768599,0.5182435871793409,42408,ENSG00000186566,47,ENSG00000186566,protein_coding,G patch domain containing 8 [Source:HGNC Symbol;Acc:29066],GPATCH8,614396,29066,23131
GRN,15,1.756e-12,0.3154725509768599,0.5182435871793409,0,ENSG00000030582,48,ENSG00000030582,protein_coding,granulin [Source:HGNC Symbol;Acc:4601],GRN,138945,4601,2896
ITGA2B,10,1.756e-12,0.3154725509768599,0.5182435871793409,19304,ENSG00000005961,49,ENSG00000005961,protein_coding,"integrin, alpha 2b (platelet glycoprotein IIb of IIb/IIIa complex, antigen CD41) [Source:HGNC Symbol;Acc:6138]",ITGA2B,607759,6138,3674
RUNDC3A,7,1.756e-12,0.3154725509768599,0.5182435871793409,34205,ENSG00000108309,50,ENSG00000108309,protein_coding,RUN domain containing 3A [Source:HGNC Symbol;Acc:16984],RUNDC3A,605448,16984,10900
CMIP,63,2.207e-12,0.3056555615433381,0.505272915631223,26049,ENSG00000153815,51,,,,,,,
PRDM7,8,1.283e-11,0.3039097695443929,0.5042127432398936,7484,ENSG00000126856,52,,,,,,,
AC011530.4,6,5.75572e-15,0.2972363500838788,0.4905469843743606,2938,ENSG00000268434,53,,,,,,,
SNRPD2,128,1.29628e-24,0.2972363500838788,0.4905469843743606,10271,ENSG00000125743,54,,,,,,,
SIX5,9,5.75572e-15,0.2972363500838788,0.4905469843743606,2140,ENSG00000177045,55,,,,,,,
FBXO46,36,1.84417e-15,0.2972363500838788,0.4905469843743606,962,ENSG00000177051,56,,,,,,,
AC074212.3,9,5.75572e-15,0.2972363500838788,0.4905469843743606,0,ENSG00000237452,57,,,,,,,
DMWD,21,5.75572e-15,0.2972363500838788,0.4905469843743606,6448,ENSG00000185800,58,,,,,,,
DMPK,57,5.75572e-15,0.2972363500838788,0.4905469843743606,0,ENSG00000104936,59,,,,,,,
QPCTL,56,1.06635e-16,0.2972363500838788,0.4905469843743606,0,ENSG00000011478,60,,,,,,,
UNC5CL,17,1.017e-27,0.2617776587894194,0.4881101986115176,13920,ENSG00000124602,61,,,,,,,
ZNF296,20,2.06205e-22,0.2784499584838283,0.485761609400845,2556,ENSG00000170684,62,,,,,,,
CLASRP,560,8.72971e-38,0.2784499584838283,0.485761609400845,0,ENSG00000104859,63,,,,,,,
RELB,390,8.72971e-38,0.2784499584838283,0.485761609400845,0,ENSG00000104856,64,,,,,,,
MARK4,972,2.09315e-38,0.2784499584838283,0.485761609400845,0,ENSG00000007047,65,,,,,,,
GEMIN7,120,6.452e-24,0.2784499584838283,0.485761609400845,0,ENSG00000142252,66,,,,,,,
SORL1,143,4.976e-11,0.2791479935423487,0.476459983266654,0,ENSG00000137642,67,,,,,,,
HIF3A,256,5.00035e-24,0.2564172231323423,0.4608650366117828,0,ENSG00000124440,68,,,,,,,
PPP5C,75,4.9693500000000004e-18,0.2564172231323423,0.4608650366117828,0,ENSG00000011485,69,,,,,,,
ABCA1,6,9.538e-09,0.2586367996495186,0.4502052092836239,0,ENSG00000165029,70,,,,,,,
NCK2,6,7.885e-11,0.2487203743189558,0.4433093940717485,0,ENSG00000071051,71,,,,,,,
CNN2,207,1.645e-14,0.2479143443097727,0.44162645858126,118,ENSG00000064666,72,,,,,,,
GPX4,117,2.405e-11,0.2479143443097727,0.44162645858126,3043,ENSG00000167468,73,,,,,,,
TMEM259,255,1.645e-14,0.2479143443097727,0.44162645858126,0,ENSG00000182087,74,,,,,,,
ABCA7,384,1.645e-14,0.2479143443097727,0.44162645858126,0,ENSG00000064687,75,,,,,,,
SBNO2,99,2.405e-11,0.2479143443097727,0.44162645858126,6743,ENSG00000064932,76,,,,,,,
POLR2E,207,1.645e-14,0.2479143443097727,0.44162645858126,4977,ENSG00000099817,77,,,,,,,
HMHA1,384,1.645e-14,0.2479143443097727,0.44162645858126,0,ENSG00000180448,78,,,,,,,
MME,28,2.142e-08,0.250045966781294,0.4403089681352976,0,ENSG00000196549,79,,,,,,,
SLC24A4,27,2.54389e-09,0.243887606357808,0.4331606516925764,0,ENSG00000140090,80,,,,,,,
RIN3,33,2.54389e-09,0.243887606357808,0.4331606516925764,41263,ENSG00000100599,81,,,,,,,
CKM,17,2.09315e-38,0.1920683828189625,0.4324405915033245,0,ENSG00000104879,82,,,,,,,
L47234.1,17,2.09315e-38,0.1920683828189625,0.4324405915033245,2592,ENSG00000268341,83,,,,,,,
KLC3,119,2.09315e-38,0.1920683828189625,0.4324405915033245,0,ENSG00000104892,84,,,,,,,
ERCC2,204,2.09315e-38,0.1920683828189625,0.4324405915033245,0,ENSG00000104884,85,,,,,,,
DSG2,2,4.63e-08,0.2402553860179641,0.4291501622063466,0,ENSG00000046604,86,,,,,,,
DSG3,1,4.63e-08,0.2402553860179641,0.4291501622063466,30293,ENSG00000134757,87,,,,,,,
CTAGE5,13,1.396e-08,0.2366385205919971,0.4262002908086797,31520,ENSG00000150527,88,,,,,,,
FBXO33,3,1.396e-08,0.2366385205919971,0.4262002908086797,0,ENSG00000165355,89,,,,,,,
IGSF23,96,4.7643099999999996e-21,0.2143125036168971,0.4248272514496207,0,ENSG00000216588,90,,,,,,,
SEC61G,5,2.046e-09,0.2328773315983905,0.4236649395879743,88613,ENSG00000132432,91,,,,,,,
SUPT4H1,14,9.901e-09,0.2291645275932624,0.4184182892280662,10088,ENSG00000213246,92,,,,,,,
RNF43,18,9.901e-09,0.2291645275932624,0.4184182892280662,0,ENSG00000108375,93,,,,,,,
BZRAP1,24,9.901e-09,0.2291645275932624,0.4184182892280662,3889,ENSG00000005379,94,,,,,,,
ZNF226,1230,3.70851e-43,0.169793238919742,0.4135112289288531,0,ENSG00000167380,95,,,,,,,
ZNF227,675,3.70851e-43,0.169793238919742,0.4135112289288531,0,ENSG00000131115,96,,,,,,,
ZNF233,216,3.70851e-43,0.169793238919742,0.4135112289288531,13083,ENSG00000159915,97,,,,,,,
ZNF235,360,3.70851e-43,0.169793238919742,0.4135112289288531,0,ENSG00000159917,98,,,,,,,
HLA-DQB2,40,2.255e-10,0.2206322783361434,0.4122131495574249,38325,ENSG00000232629,99,,,,,,,
HLA-DQB1,476,4.624e-17,0.2206322783361434,0.4122131495574249,16036,ENSG00000179344,100,,,,,,,
HLA-DQA2,10,2.255e-10,0.2206322783361434,0.4122131495574249,23569,ENSG00000237541,101,,,,,,,
SDC4,1,1.04542e-08,0.2223063406769982,0.4109853904005699,26013,ENSG00000124145,102,,,,,,,
MATN4,3,1.04542e-08,0.2223063406769982,0.4109853904005699,0,ENSG00000124159,103,,,,,,,
RBPJL,2,1.04542e-08,0.2223063406769982,0.4109853904005699,7576,ENSG00000124232,104,,,,,,,
SLPI,1,1.04542e-08,0.2223063406769982,0.4109853904005699,44710,ENSG00000124107,105,,,,,,,
CTSB,62,5.462e-09,0.2123284394655354,0.4007468529970158,0,ENSG00000164733,106,,,,,,,
FDFT1,42,5.462e-09,0.2123284394655354,0.4007468529970158,0,ENSG00000079459,107,,,,,,,
RP11-297N6.4,4,5.462e-09,0.2123284394655354,0.4007468529970158,14820,ENSG00000255046,108,,,,,,,
SCARA3,22,1.495e-33,0.1684099004718219,0.3981159808364064,22882,ENSG00000168077,109,,,,,,,
CLU,187,1.495e-33,0.1684099004718219,0.3981159808364064,0,ENSG00000120885,110,,,,,,,
PHOSPHO1,6,5.379e-13,0.1985330303400077,0.3931720864265231,3427,ENSG00000173868,111,,,,,,,
B4GALNT2,3,5.379e-13,0.1985330303400077,0.3931720864265231,49946,ENSG00000167080,112,,,,,,,
GNGT2,5,5.379e-13,0.1985330303400077,0.3931720864265231,9361,ENSG00000167083,113,,,,,,,
ABI3,4,5.379e-13,0.1985330303400077,0.3931720864265231,0,ENSG00000108798,114,,,,,,,
THEG,8,2.10615e-08,0.2013254176111121,0.3877326142168405,22488,ENSG00000105549,115,,,,,,,
C2CD4C,2,2.10615e-08,0.2013254176111121,0.3877326142168405,6311,ENSG00000183186,116,,,,,,,
SHC2,16,2.10615e-08,0.2013254176111121,0.3877326142168405,17456,ENSG00000129946,117,,,,,,,
KIAA0125,13,3.38e-10,0.1955225665994447,0.3848367357467799,147695,ENSG00000226777,118,,,,,,,
PABPC1,132,1.785e-08,0.1977071807019607,0.3840561692504108,17752,ENSG00000070756,119,,,,,,,
SNX31,42,1.785e-08,0.1977071807019607,0.3840561692504108,0,ENSG00000174226,120,,,,,,,
MEF2C,22,3.225e-08,0.1966694548477717,0.3824705584127608,23498,ENSG00000081189,121,,,,,,,
USP21,100,1.196e-08,0.1884164939868865,0.3742758620238969,4438,ENSG00000143258,122,,,,,,,
UFC1,54,1.264e-08,0.1884164939868865,0.3742758620238969,11203,ENSG00000143222,123,,,,,,,
FCER1G,21,1.048e-08,0.1884164939868865,0.3742758620238969,0,ENSG00000158869,124,,,,,,,
B4GALT3,110,1.048e-08,0.1884164939868865,0.3742758620238969,0,ENSG00000158850,125,,,,,,,
TOMM40L,40,1.048e-08,0.1884164939868865,0.3742758620238969,8128,ENSG00000158882,126,,,,,,,
PPOX,209,1.048e-08,0.1884164939868865,0.3742758620238969,0,ENSG00000143224,127,,,,,,,
APOA2,48,1.048e-08,0.1884164939868865,0.3742758620238969,4417,ENSG00000158874,128,,,,,,,
NDUFS2,105,1.048e-08,0.1884164939868865,0.3742758620238969,873,ENSG00000158864,129,,,,,,,
NR1I3,65,1.048e-08,0.1884164939868865,0.3742758620238969,11791,ENSG00000143257,130,,,,,,,
ADAMTS4,30,1.048e-08,0.1884164939868865,0.3742758620238969,0,ENSG00000158859,131,,,,,,,
AL590714.1,6,1.048e-08,0.1884164939868865,0.3742758620238969,2495,ENSG00000268387,132,,,,,,,
MS4A4E,96,2.415e-16,0.1840204482820349,0.3742430862115544,0,ENSG00000214787,133,,,,,,,
MS4A6A,546,5.906e-15,0.1840204482820349,0.3742430862115544,0,ENSG00000110077,134,,,,,,,
CD33,15,6.33697e-09,0.1843348652691759,0.3704653827671955,0,ENSG00000105383,135,,,,,,,
SIGLECL1,18,6.33697e-09,0.1843348652691759,0.3704653827671955,13220,ENSG00000179213,136,,,,,,,
GIPR,182,1.29628e-24,0.1479335444469682,0.359788817557422,5898,ENSG00000010310,137,,,,,,,
C19orf83,75,1.29628e-24,0.1479335444469682,0.359788817557422,3075,ENSG00000267757,138,,,,,,,
GPR4,56,1.6974600000000002e-28,0.1479335444469682,0.359788817557422,0,ENSG00000177464,139,,,,,,,
EML2,957,1.6974600000000002e-28,0.1479335444469682,0.359788817557422,0,ENSG00000125746,140,,,,,,,
OPA3,114,1.6974600000000002e-28,0.1479335444469682,0.359788817557422,0,ENSG00000125741,141,,,,,,,
PPP1R37,260,8.569e-29,0.1538345279949392,0.3591611992526894,0,ENSG00000104866,142,,,,,,,
AC008394.1,19,8.579e-14,0.1650639838072045,0.3585586753641783,211965,ENSG00000233828,143,,,,,,,
TANC2,80,3.474e-16,0.1537548518003492,0.3507261393652747,40719,ENSG00000170921,144,,,,,,,
CYB561,209,3.474e-16,0.1537548518003492,0.3507261393652747,22040,ENSG00000008283,145,,,,,,,
KCNH6,30,3.474e-16,0.1537548518003492,0.3507261393652747,39932,ENSG00000173826,146,,,,,,,
ACE,220,3.474e-16,0.1537548518003492,0.3507261393652747,0,ENSG00000159640,147,,,,,,,
ZNF594,60,6.585e-13,0.1582870324997763,0.3496075783882383,0,ENSG00000180626,148,,,,,,,
SCIMP,36,6.585e-13,0.1582870324997763,0.3496075783882383,0,ENSG00000161929,149,,,,,,,
INPP5D,640,1.043e-17,0.1490393226200041,0.3484153276320532,0,ENSG00000168918,150,,,,,,,
PPP1R13L,117,3.1174499999999998e-25,0.1353516216410003,0.3473574691615792,23008,ENSG00000104881,151,,,,,,,
SPI1,440,3.277e-12,0.1613115308234113,0.3471316342798631,0,ENSG00000066336,152,,,,,,,
MADD,935,8.211e-12,0.1613115308234113,0.3471316342798631,8124,ENSG00000110514,153,,,,,,,
MYBPC3,78,3.277e-12,0.1613115308234113,0.3471316342798631,0,ENSG00000134571,154,,,,,,,
RTN2,220,1.19978e-24,0.1357719558937935,0.3467454120788187,2452,ENSG00000125744,155,,,,,,,
PPM1N,160,1.19978e-24,0.1357719558937935,0.3467454120788187,5940,ENSG00000213889,156,,,,,,,
VASP,187,1.19978e-24,0.1357719558937935,0.3467454120788187,0,ENSG00000125753,157,,,,,,,
ERCC1,255,1.19978e-24,0.1357719558937935,0.3467454120788187,0,ENSG00000012061,158,,,,,,,
FOSB,104,1.19978e-24,0.1357719558937935,0.3467454120788187,1212,ENSG00000125740,159,,,,,,,
RASGEF1C,30,3.38e-12,0.1551927951708732,0.345019081037925,0,ENSG00000146090,160,,,,,,,
MAPK9,55,3.38e-12,0.1551927951708732,0.345019081037925,25528,ENSG00000050748,161,,,,,,,
RPS9,36,3.159e-09,0.1547943293196182,0.3391845280193536,13193,ENSG00000170889,162,,,,,,,
LILRB5,24,3.159e-09,0.1547943293196182,0.3391845280193536,4891,ENSG00000105609,163,,,,,,,
LILRA3,12,3.159e-09,0.1547943293196182,0.3391845280193536,28403,ENSG00000170866,164,,,,,,,
LILRA5,10,3.159e-09,0.1547943293196182,0.3391845280193536,46902,ENSG00000187116,165,,,,,,,
LILRA6,24,3.159e-09,0.1547943293196182,0.3391845280193536,19406,ENSG00000244482,166,,,,,,,
LILRB2,28,3.159e-09,0.1547943293196182,0.3391845280193536,6224,ENSG00000131042,167,,,,,,,
LILRB3,32,3.159e-09,0.1547943293196182,0.3391845280193536,19453,ENSG00000204577,168,,,,,,,
TRAPPC6A,195,8.569e-29,0.1383315116833887,0.33347853503587,0,ENSG00000007255,169,,,,,,,
BLOC1S3,292,8.569e-29,0.1383315116833887,0.33347853503587,9,ENSG00000189114,170,,,,,,,
AC005779.2,73,8.569e-29,0.1383315116833887,0.33347853503587,0,ENSG00000267545,171,,,,,,,
NKPD1,60,8.569e-29,0.1383315116833887,0.33347853503587,2320,ENSG00000179846,172,,,,,,,
AC006126.3,71,8.569e-29,0.1383315116833887,0.33347853503587,0,ENSG00000266958,173,,,,,,,
EXOC3L2,136,8.569e-29,0.1383315116833887,0.33347853503587,0,ENSG00000130201,174,,,,,,,
ZNF234,336,5.41627e-43,0.1100996977880041,0.3311720617608977,0,ENSG00000263002,175,,,,,,,
ZNF224,272,5.41627e-43,0.1100996977880041,0.3311720617608977,0,ENSG00000267680,176,,,,,,,
ZNF225,300,5.41627e-43,0.1100996977880041,0.3311720617608977,0,ENSG00000256294,177,,,,,,,
ZNF284,30,1.0509899999999999e-42,0.1100996977880041,0.3306128205301629,0,ENSG00000186026,178,,,,,,,
ZNF223,195,1.0509899999999999e-42,0.1100996977880041,0.3306128205301629,0,ENSG00000267022,179,,,,,,,
CEACAM16,24,6.774e-43,0.0913950652600008,0.3267530612750553,0,ENSG00000213892,180,,,,,,,
PTK2B,85,3.273e-09,0.1390861263267615,0.3210944294761029,0,ENSG00000120899,181,,,,,,,
USP6NL,2,2.866e-12,0.1323917022888297,0.3205804589501753,60754,ENSG00000148429,182,,,,,,,
CTC-512J12.6,6,2.51304e-22,0.1149109932274513,0.3200436597192577,0,ENSG00000267173,183,,,,,,,
ZNF229,25,2.51304e-22,0.1149109932274513,0.3200436597192577,0,ENSG00000167383,184,,,,,,,
ZNF285,30,2.51304e-22,0.1149109932274513,0.3200436597192577,142,ENSG00000267508,185,,,,,,,
ZNF112,25,2.51304e-22,0.1149109932274513,0.3200436597192577,0,ENSG00000062370,186,,,,,,,
IGFL1,39,5.00035e-24,0.1102122962575453,0.3168844338238118,1020,ENSG00000188293,187,,,,,,,
APP,499,1.017e-09,0.1342156697915597,0.3152540440432293,0,ENSG00000142192,188,,,,,,,
CR1L,70,2.645e-14,0.1339686099029587,0.3147268416732323,11728,ENSG00000197721,189,,,,,,,
CR1,154,3.93e-15,0.1339686099029587,0.3147268416732323,0,ENSG00000203710,190,,,,,,,
PRKD2,68,2.3297e-12,0.1247312272815466,0.3124881080791071,0,ENSG00000105287,191,,,,,,,
DACT3,12,2.3297e-12,0.1247312272815466,0.3124881080791071,0,ENSG00000197380,192,,,,,,,
GNG8,6,2.3297e-12,0.1247312272815466,0.3124881080791071,9539,ENSG00000167414,193,,,,,,,
STRN4,46,2.3297e-12,0.1247312272815466,0.3124881080791071,36952,ENSG00000090372,194,,,,,,,
ALDOA,1066,4.613e-12,0.123921061662212,0.311076934811872,0,ENSG00000149925,195,,,,,,,
DOC2A,864,4.613e-12,0.123921061662212,0.311076934811872,0,ENSG00000149927,196,,,,,,,
INO80E,583,4.613e-12,0.123921061662212,0.311076934811872,0,ENSG00000169592,197,,,,,,,
TMEM219,248,4.613e-12,0.123921061662212,0.311076934811872,0,ENSG00000149932,198,,,,,,,
C16orf92,147,4.613e-12,0.123921061662212,0.311076934811872,0,ENSG00000167194,199,,,,,,,
TAOK2,288,4.613e-12,0.123921061662212,0.311076934811872,0,ENSG00000149930,200,,,,,,,
HIRIP3,357,4.613e-12,0.123921061662212,0.311076934811872,569,ENSG00000149929,201,,,,,,,
FAM57B,294,4.613e-12,0.123921061662212,0.311076934811872,0,ENSG00000149926,202,,,,,,,
C10orf40,15,2.742e-08,0.1295920166220969,0.3100773156793799,5242,ENSG00000235931,203,,,,,,,
SPDYE3,2,1.291e-10,0.1249736231194671,0.3095783330540197,12230,ENSG00000214300,204,,,,,,,
PILRB,96,1.291e-10,0.1249736231194671,0.3095783330540197,1688,ENSG00000121716,205,,,,,,,
PILRA,40,1.291e-10,0.1249736231194671,0.3095783330540197,0,ENSG00000085514,206,,,,,,,
CNTNAP2,52,2.096e-09,0.1254202460148052,0.3078570925645564,0,ENSG00000174469,207,,,,,,,
CSTF1,84,4.837e-16,0.1142300104284703,0.3077291292325854,3557,ENSG00000101138,208,,,,,,,
FAM210B,14,5.819e-16,0.1142300104284703,0.3077291292325854,39356,ENSG00000124098,209,,,,,,,
AURKA,110,4.837e-16,0.1142300104284703,0.3077291292325854,15682,ENSG00000087586,210,,,,,,,
CASS4,60,4.837e-16,0.1142300104284703,0.3077291292325854,0,ENSG00000087589,211,,,,,,,
ARHGAP35,35,4.59727e-12,0.1185731595211878,0.3053170824049359,0,ENSG00000160007,212,,,,,,,
NPAS1,24,4.59727e-12,0.1185731595211878,0.3053170824049359,0,ENSG00000130751,213,,,,,,,
ZC3H4,20,4.59727e-12,0.1185731595211878,0.3053170824049359,0,ENSG00000130749,214,,,,,,,
TMEM160,3,4.59727e-12,0.1185731595211878,0.3053170824049359,12181,ENSG00000130748,215,,,,,,,
ZCWPW1,56,2.139e-10,0.1213001420823133,0.3051199117108643,0,ENSG00000078487,216,,,,,,,
EED,1,6.931e-12,0.11807305048802,0.3044537805289192,86946,ENSG00000074266,217,,,,,,,
TRIM35,16,3.273e-09,0.113658142969384,0.2948308341588134,26285,ENSG00000104228,218,,,,,,,
ADAMTS1,14,1.718e-09,0.1127643345495809,0.2943770557719159,44980,ENSG00000154734,219,,,,,,,
MED16,104,1.62073e-09,0.1124820485150174,0.2941189398391892,0,ENSG00000175221,220,,,,,,,
ELANE,26,1.62073e-09,0.1124820485150174,0.2941189398391892,23057,ENSG00000197561,221,,,,,,,
R3HDM4,77,1.62073e-09,0.1124820485150174,0.2941189398391892,0,ENSG00000198858,222,,,,,,,
PRTN3,18,1.62073e-09,0.1124820485150174,0.2941189398391892,13006,ENSG00000196415,223,,,,,,,
ARID3A,96,1.0173e-09,0.1124820485150174,0.2941189398391892,0,ENSG00000116017,224,,,,,,,
CFD,24,1.62073e-09,0.1124820485150174,0.2941189398391892,18321,ENSG00000197766,225,,,,,,,
KISS1R,33,1.62073e-09,0.1124820485150174,0.2941189398391892,10400,ENSG00000116014,226,,,,,,,
ZNF230,100,7.14003e-35,0.0683407840440661,0.2926915162959642,0,ENSG00000159882,227,,,,,,,
ZNF155,240,7.14003e-35,0.0683407840440661,0.2926915162959642,0,ENSG00000204920,228,,,,,,,
ZNF221,78,7.14003e-35,0.0683407840440661,0.2926915162959642,0,ENSG00000159905,229,,,,,,,
ZNF222,76,7.14003e-35,0.0683407840440661,0.2926915162959642,0,ENSG00000159885,230,,,,,,,
TSPAN14,126,1.329e-14,0.1022906162325481,0.2919598002173635,0,ENSG00000108219,231,,,,,,,
SH2D4B,70,1.329e-14,0.1022906162325481,0.2919598002173635,17521,ENSG00000178217,232,,,,,,,
EPDR1,8,4.757e-09,0.1103684576971602,0.2909906129500993,0,ENSG00000086289,233,,,,,,,
NME8,12,4.757e-09,0.1103684576971602,0.2909906129500993,43936,ENSG00000086288,234,,,,,,,
GPR141,10,4.757e-09,0.1103684576971602,0.2909906129500993,0,ENSG00000187037,235,,,,,,,
TSC22D4,24,2.008e-17,0.095535252157557,0.2889493626671289,2955,ENSG00000166925,236,,,,,,,
NYAP1,8,2.008e-17,0.095535252157557,0.2889493626671289,0,ENSG00000166924,237,,,,,,,
C7orf61,10,2.008e-17,0.095535252157557,0.2889493626671289,17963,ENSG00000185955,238,,,,,,,
AGFG2,6,1.035e-16,0.095535252157557,0.2889493626671289,45039,ENSG00000106351,239,,,,,,,
PVR,50,5.217949999999999e-20,0.1060040987327054,0.2876723048492007,26062,ENSG00000073008,240,,,,,,,
ZNF180,21,5.37403e-33,0.0658163853346813,0.2865568353139275,37242,ENSG00000167384,241,,,,,,,
CEACAM19,50,5.217949999999999e-20,0.0913950652600008,0.2862223922993828,9327,ENSG00000186567,242,,,,,,,
JAZF1,80,2.019e-08,0.1055873850009379,0.2844150271840513,0,ENSG00000153814,243,,,,,,,
PSMC3,957,3.277e-12,0.0975178418390066,0.282896756806332,0,ENSG00000165916,244,,,,,,,
SLC39A13,1404,3.277e-12,0.0975178418390066,0.282896756806332,0,ENSG00000165915,245,,,,,,,
GRIN3B,26,1.645e-14,0.1026793018531438,0.2827917358946507,8937,ENSG00000116032,246,,,,,,,
PGLYRP1,21,8.15831e-23,0.0794925030263019,0.2827247200560681,0,ENSG00000008438,247,,,,,,,
CCDC61,189,1.24595e-23,0.0794925030263019,0.2827247200560681,0,ENSG00000104983,248,,,,,,,
IGFL4,104,8.15831e-23,0.0794925030263019,0.2827247200560681,0,ENSG00000204869,249,,,,,,,
FAM63B,155,9.654e-12,0.0967603079164954,0.2802218968226807,0,ENSG00000128923,250,,,,,,,
ADAM10,528,9.654e-12,0.0967603079164954,0.2802218968226807,0,ENSG00000137845,251,,,,,,,
RTFDC1,72,4.837e-16,0.0875097426833183,0.2790831650038387,3110,ENSG00000022277,252,,,,,,,
ZNF428,15,1.2735e-14,0.0880253499197228,0.2770542304189307,342,ENSG00000131116,253,,,,,,,
PINLYP,20,1.2735e-14,0.0880253499197228,0.2770542304189307,11551,ENSG00000234465,254,,,,,,,
PLAUR,96,1.2735e-14,0.0880253499197228,0.2770542304189307,0,ENSG00000011422,255,,,,,,,
CADM4,12,1.2735e-14,0.0880253499197228,0.2770542304189307,0,ENSG00000105767,256,,,,,,,
ZNF576,28,1.2735e-14,0.0880253499197228,0.2770542304189307,877,ENSG00000124444,257,,,,,,,
L34079.2,23,2.0090900000000001e-19,0.0880253499197228,0.2770542304189307,2479,ENSG00000268361,258,,,,,,,
SRRM5,10,1.2735e-14,0.0880253499197228,0.2770542304189307,1102,ENSG00000226763,259,,,,,,,
IRGQ,16,1.2735e-14,0.0880253499197228,0.2770542304189307,0,ENSG00000167378,260,,,,,,,
XRCC1,216,2.0090900000000001e-19,0.0880253499197228,0.2770542304189307,13469,ENSG00000073050,261,,,,,,,
PSG9,18,3.0512e-08,0.0982767386485961,0.2764927419472308,46296,ENSG00000183668,262,,,,,,,
ECHDC3,3,3.417e-08,0.0954720243281167,0.273381089451998,63246,ENSG00000134463,263,,,,,,,
MS4A4A,140,2.415e-16,0.0886702111607112,0.2715360807350863,0,ENSG00000110079,264,,,,,,,
FERMT2,845,5.819e-10,0.0914362881937006,0.2708352806606807,0,ENSG00000073712,265,,,,,,,
PCP4L1,2,1.048e-08,0.0922907090692666,0.2707826654181255,40852,ENSG00000248485,266,,,,,,,
CLNK,17,1.252e-13,0.0853117861629211,0.2697648248476212,336310,ENSG00000109684,267,,,,,,,
FAM131B,90,1.417e-11,0.0873810228203904,0.2686918205769562,39244,ENSG00000159784,268,,,,,,,
ANK3,138,6.789e-09,0.0892505361826512,0.2679542444088792,385,ENSG00000151150,269,,,,,,,
EGFR,1,3.341e-09,0.0880385298555809,0.2672085556350587,119976,ENSG00000146648,270,,,,,,,
SPATC1,6,5.02e-11,0.0896428319596503,0.267080288556566,0,ENSG00000186583,271,,,,,,,
PARP10,63,5.02e-11,0.0896428319596503,0.267080288556566,10780,ENSG00000178685,272,,,,,,,
GRINA,20,5.02e-11,0.0896428319596503,0.267080288556566,30137,ENSG00000178719,273,,,,,,,
ZNF45,75,2.03798e-28,0.0554143928957472,0.2670168229422295,0,ENSG00000124459,274,,,,,,,
PPP1R35,30,2.008e-17,0.0688890554401969,0.2615329892655462,20326,ENSG00000160813,275,,,,,,,
MEPCE,24,2.008e-17,0.0688890554401969,0.2615329892655462,13834,ENSG00000146834,276,,,,,,,
CLCN1,4,1.417e-11,0.078618090479505,0.2613745787865959,49931,ENSG00000188037,277,,,,,,,
HLA-DRB1,213,3.134e-17,0.0808292361413225,0.2608808219145083,0,ENSG00000196126,278,,,,,,,
HLA-DQA1,1351,3.134e-17,0.0808292361413225,0.2608808219145083,0,ENSG00000196735,279,,,,,,,
ZNF575,145,2.0090900000000001e-19,0.0696732679987852,0.2597741752323912,0,ENSG00000176472,280,,,,,,,
LYPD3,96,8.4839900000000015e-19,0.0696732679987852,0.2597741752323912,0,ENSG00000124466,281,,,,,,,
ETHE1,222,2.0090900000000001e-19,0.0696732679987852,0.2597741752323912,0,ENSG00000105755,282,,,,,,,
PHLDB3,296,2.0090900000000001e-19,0.0696732679987852,0.2597741752323912,0,ENSG00000176531,283,,,,,,,
ZNF404,30,1.48765e-26,0.0517468645525259,0.2596745782579528,1646,ENSG00000176222,284,,,,,,,
NOVA2,45,1.24595e-23,0.0587810970110866,0.259655984136793,0,ENSG00000104967,285,,,,,,,
NEIL2,6,2.346e-08,0.0787462011272981,0.2556555921102811,30042,ENSG00000154328,286,,,,,,,
NANOS2,7,1.24595e-23,0.0490466924364462,0.2512076202242106,3092,ENSG00000188425,287,,,,,,,
SYMPK,72,1.6857800000000002e-23,0.0529558476510758,0.2512076202242106,13533,ENSG00000125755,288,,,,,,,
MYPOP,7,1.24595e-23,0.0490466924364462,0.2512076202242106,9008,ENSG00000176182,289,,,,,,,
IRF2BP1,6,1.6857800000000002e-23,0.0490466924364462,0.2512076202242106,2596,ENSG00000170604,290,,,,,,,
FOXA3,8,1.6857800000000002e-23,0.0490466924364462,0.2512076202242106,3026,ENSG00000170608,291,,,,,,,
RABEP1,369,6.585e-13,0.0652703772985472,0.2494170625266505,0,ENSG00000029725,292,,,,,,,
ZFP3,10,4.459e-11,0.0726813125672277,0.24869763199898,0,ENSG00000180787,293,,,,,,,
ZNF232,112,4.459e-11,0.0726813125672277,0.24869763199898,0,ENSG00000167840,294,,,,,,,
USP6,100,7.778e-13,0.0726813125672277,0.24869763199898,0,ENSG00000129204,295,,,,,,,
MS4A7,33,5.354e-13,0.063749040123441,0.2479413042625023,42570,ENSG00000166927,296,,,,,,,
MS4A14,30,5.354e-13,0.063749040123441,0.2479413042625023,42618,ENSG00000166928,297,,,,,,,
MS4A6E,36,1.208e-14,0.063749040123441,0.2479413042625023,0,ENSG00000166926,298,,,,,,,
CR2,25,7.613e-15,0.0695709740439198,0.2461707207699398,20952,ENSG00000117322,299,,,,,,,
KANSL1,11747,1.366e-10,0.0663551658850778,0.2461597497540993,0,ENSG00000120071,300,,,,,,,
ATP8B3,133,6.143e-09,0.0680688463410436,0.2450799348078286,407,ENSG00000130270,301,,,,,,,
REXO1,133,6.143e-09,0.0680688463410436,0.2450799348078286,0,ENSG00000079313,302,,,,,,,
KLF16,57,6.143e-09,0.0680688463410436,0.2450799348078286,0,ENSG00000129911,303,,,,,,,
ABHD17A,90,6.143e-09,0.0680688463410436,0.2450799348078286,20255,ENSG00000129968,304,,,,,,,
NDUFAF6,1071,1.819e-09,0.066422385800075,0.2443318229637759,0,ENSG00000156170,305,,,,,,,
TP53INP1,180,1.819e-09,0.066422385800075,0.2443318229637759,0,ENSG00000164938,306,,,,,,,
ADAT3,6,1.458e-08,0.0675672506663218,0.2439857457373039,48823,ENSG00000213638,307,,,,,,,
SCAMP4,24,1.458e-08,0.0675672506663218,0.2439857457373039,48659,ENSG00000227500,308,,,,,,,
CD3EAP,24,2.42159e-14,0.0563093157513962,0.2423472397808777,41249,ENSG00000117877,309,,,,,,,
CD2AP,116,4.686e-13,0.0647118592092365,0.2411515470873674,0,ENSG00000198087,310,,,,,,,
GPR111,8,4.686e-13,0.0573501154314781,0.2411515470873674,29017,ENSG00000164393,311,,,,,,,
IGFL2,140,2.1183599999999997e-20,0.045118772252624,0.2409395459665169,0,ENSG00000204866,312,,,,,,,
RSPH6A,6,5.75572e-15,0.0529558476510758,0.2398931740293444,19211,ENSG00000104941,313,,,,,,,
IGFL3,16,2.4717199999999998e-20,0.0430800299270781,0.2390173009655337,4663,ENSG00000188624,314,,,,,,,
RAPSN,330,7.841e-12,0.0521976262351446,0.2333732239699614,0,ENSG00000165917,315,,,,,,,
PSG6,24,4.64633e-09,0.0576453515953238,0.232658145051698,30776,ENSG00000170848,316,,,,,,,
HS3ST5,21,2.78e-08,0.0574751235590209,0.2326011312806896,15716,ENSG00000249853,317,,,,,,,
TREM1,185,1.729e-11,0.0521383268953639,0.232253799712629,0,ENSG00000124731,318,,,,,,,
TREML4,141,3.268e-12,0.0521383268953639,0.232253799712629,0,ENSG00000188056,319,,,,,,,
WDR18,40,1.0173e-09,0.0563128706114874,0.2310957728880055,24099,ENSG00000065268,320,,,,,,,
AC004528.1,9,1.0173e-09,0.0563128706114874,0.2310957728880055,18716,ENSG00000269169,321,,,,,,,
AZU1,24,4.28667e-09,0.0544681493825583,0.2308383428180185,0,ENSG00000172232,322,,,,,,,
CELF1,840,2.279e-11,0.0507209749371369,0.2307117961110965,0,ENSG00000149187,323,,,,,,,
ATG16L1,357,3.363e-10,0.0532128171123069,0.2298172562428343,36313,ENSG00000085978,324,,,,,,,
HLA-DRB5,23,2.24e-09,0.0526223792342866,0.2289532616765937,0,ENSG00000198502,325,,,,,,,
GCNT7,4,2.21998e-09,0.0490283133048312,0.22549670158094,26011,ENSG00000124091,326,,,,,,,
COX7C,3,7.16e-13,0.04260769966967,0.2249310812325938,270002,ENSG00000127184,327,,,,,,,
OARD1,90,8.352e-16,0.0371886320397064,0.2244287867238709,0,ENSG00000124596,328,,,,,,,
APOBEC2,6,8.352e-16,0.0371886320397064,0.2244287867238709,195,ENSG00000124701,329,,,,,,,
TSPO2,15,8.352e-16,0.0371886320397064,0.2244287867238709,8772,ENSG00000112212,330,,,,,,,
NFYA,12,8.352e-16,0.0371886320397064,0.2244287867238709,0,ENSG00000001167,331,,,,,,,
PLEC,15,5.02e-11,0.0449031068602813,0.224045968600138,46818,ENSG00000178209,332,,,,,,,
CEACAM7,8,8.96004e-09,0.0484750845814574,0.2231003567180004,3938,ENSG00000007306,333,,,,,,,
CEACAM4,2,8.96004e-09,0.0484750845814574,0.2231003567180004,9378,ENSG00000105352,334,,,,,,,
CEACAM21,5,2.16636e-08,0.0484750845814574,0.2231003567180004,49623,ENSG00000007129,335,,,,,,,
PNMAL1,6,4.54046e-16,0.0311310091166945,0.2183831019521448,11366,ENSG00000182013,336,,,,,,,
AC011484.1,3,4.54046e-16,0.0311310091166945,0.2183831019521448,11579,ENSG00000204850,337,,,,,,,
PNMAL2,9,4.54046e-16,0.0311310091166945,0.2183831019521448,3977,ENSG00000204851,338,,,,,,,
PPP5D1,35,4.54046e-16,0.0311310091166945,0.2183831019521448,0,ENSG00000230510,339,,,,,,,
GCNT4,2,2.776e-08,0.0442484357368915,0.2183500503813759,39148,ENSG00000176928,340,,,,,,,
ANKRD31,6,2.776e-08,0.0442484357368915,0.2183500503813759,0,ENSG00000145700,341,,,,,,,
ZNF646,4,3.234e-08,0.0441023599688592,0.2180719755825457,27054,ENSG00000167395,342,,,,,,,
PRSS8,16,7.711e-10,0.0441023599688592,0.2180719755825457,7275,ENSG00000052344,343,,,,,,,
ZNF668,9,3.234e-08,0.0441023599688592,0.2180719755825457,36930,ENSG00000167394,344,,,,,,,
KAT8,24,7.711e-10,0.0441023599688592,0.2180719755825457,4504,ENSG00000103510,345,,,,,,,
VKORC1,16,7.711e-10,0.0441023599688592,0.2180719755825457,15270,ENSG00000167397,346,,,,,,,
BCKDK,28,7.711e-10,0.0441023599688592,0.2180719755825457,0,ENSG00000103507,347,,,,,,,
RP11-196G11.1,6,7.711e-10,0.0441023599688592,0.2180719755825457,16294,ENSG00000255439,348,,,,,,,
PRSS36,32,7.711e-10,0.0441023599688592,0.2180719755825457,0,ENSG00000178226,349,,,,,,,
PRSS53,3,3.234e-08,0.0441023599688592,0.2180719755825457,21622,ENSG00000151006,350,,,,,,,
CCDC8,5,5.56545e-16,0.030589407894908,0.217638659373495,16727,ENSG00000169515,351,,,,,,,
RNF111,91,1.785e-10,0.0414846669876968,0.2170529459914595,0,ENSG00000157450,352,,,,,,,
TEX101,48,2.1707e-11,0.0425390834903216,0.216328228147283,17485,ENSG00000131126,353,,,,,,,
YPEL3,96,2.158e-11,0.035474503296849,0.214553457812631,9017,ENSG00000090238,354,,,,,,,
TBX6,48,2.158e-11,0.035474503296849,0.214553457812631,3335,ENSG00000149922,355,,,,,,,
PPP4C,264,1.985e-11,0.035474503296849,0.214553457812631,0,ENSG00000149923,356,,,,,,,
NIT1,84,2.206e-08,0.038008088783482,0.2117946824298519,8210,ENSG00000158793,357,,,,,,,
DEDD,72,2.206e-08,0.038008088783482,0.2117946824298519,967,ENSG00000158796,358,,,,,,,
PVRL4,6,2.242e-08,0.038008088783482,0.2117946824298519,44056,ENSG00000143217,359,,,,,,,
PFDN2,8,2.206e-08,0.038008088783482,0.2117946824298519,15544,ENSG00000143256,360,,,,,,,
KLHDC9,28,2.206e-08,0.038008088783482,0.2117946824298519,33309,ENSG00000162755,361,,,,,,,
GAK,100,8.39e-09,0.0357226817926283,0.2101087911053267,27354,ENSG00000178950,362,,,,,,,
GDPD3,15,4.089e-11,0.0305131600646056,0.2087023944958049,0,ENSG00000102886,363,,,,,,,
MAPK3,26,5.002e-11,0.030377992625211,0.208397488547619,8173,ENSG00000102882,364,,,,,,,
LRFN2,3,4.912e-13,0.0264931549694481,0.2078648723012126,151162,ENSG00000156564,365,,,,,,,
PTBP1,228,3.16512e-08,0.0314766243824917,0.2044843163337598,0,ENSG00000011304,366,,,,,,,
PALM,99,3.16512e-08,0.0314766243824917,0.2044843163337598,0,ENSG00000099864,367,,,,,,,
MISP,11,3.16512e-08,0.0314766243824917,0.2044843163337598,0,ENSG00000099812,368,,,,,,,
KCNN4,8,1.47809e-11,0.0250940318080704,0.2036671795259044,23355,ENSG00000104783,369,,,,,,,
ZNF283,8,1.47809e-11,0.0250940318080704,0.2036671795259044,22680,ENSG00000167637,370,,,,,,,
LYPD5,8,1.47809e-11,0.0250940318080704,0.2036671795259044,0,ENSG00000159871,371,,,,,,,
SMG9,24,1.47809e-11,0.0250940318080704,0.2036671795259044,39865,ENSG00000105771,372,,,,,,,
FUS,36,7.711e-10,0.0275232532604168,0.203159850858936,27900,ENSG00000089280,373,,,,,,,
AC011551.3,8,5.94155e-12,0.0265266772652853,0.201556212078613,19414,ENSG00000268423,374,,,,,,,
PTGIR,16,5.94155e-12,0.0265266772652853,0.201556212078613,190,ENSG00000160013,375,,,,,,,
CALM3,52,5.94155e-12,0.0265266772652853,0.201556212078613,9482,ENSG00000160014,376,,,,,,,
FSTL3,7,4.85937e-08,0.0287123502779252,0.2011669341213768,46943,ENSG00000070404,377,,,,,,,
PRSS57,1,4.85937e-08,0.0287123502779252,0.2011669341213768,34868,ENSG00000185198,378,,,,,,,
LPPR3,33,3.30005e-08,0.0282237099504788,0.2009419951165638,4281,ENSG00000129951,379,,,,,,,
NCR2,3,2.036e-11,0.0213869214869562,0.1994195822149695,47196,ENSG00000096264,380,,,,,,,
ONECUT3,2,2.114e-08,0.0263272231174857,0.1992545951972553,31695,ENSG00000205922,381,,,,,,,
WNT3,124,2.571e-09,0.0245178904361947,0.1988141441741645,0,ENSG00000108379,382,,,,,,,
NSF,297,2.571e-09,0.0245178904361947,0.1988141441741645,0,ENSG00000073969,383,,,,,,,
TMEM121,2,3.628e-09,0.0245389982515394,0.1985741454742894,177722,ENSG00000184986,384,,,,,,,
NUP88,377,7.309e-11,0.0214320337905177,0.1984582004432779,0,ENSG00000108559,385,,,,,,,
GNPNAT1,35,9.392e-09,0.0243555733560024,0.1977711836931239,35933,ENSG00000100522,386,,,,,,,
FAM180B,28,4.246e-10,0.0218962601673426,0.1975680682835756,1715,ENSG00000196666,387,,,,,,,
KBTBD4,139,4.246e-10,0.0218962601673426,0.1975680682835756,2162,ENSG00000123444,388,,,,,,,
NDUFS3,192,4.246e-10,0.0218962601673426,0.1975680682835756,0,ENSG00000213619,389,,,,,,,
MTCH2,105,4.246e-10,0.0218962601673426,0.1975680682835756,0,ENSG00000109919,390,,,,,,,
PTPMT1,60,4.246e-10,0.0218962601673426,0.1975680682835756,606,ENSG00000110536,391,,,,,,,
C1QTNF4,30,4.246e-10,0.0218962601673426,0.1975680682835756,4733,ENSG00000172247,392,,,,,,,
STH,356,2.126e-09,0.0222165569081968,0.1966402779037118,0,ENSG00000256762,393,,,,,,,
MAPT,9190,2.126e-09,0.0222165569081968,0.1966402779037118,0,ENSG00000186868,394,,,,,,,
KCTD13,54,3.308e-10,0.0201906004099761,0.1959274249844596,32479,ENSG00000174943,395,,,,,,,
ASPHD1,4,3.308e-10,0.0201906004099761,0.1959274249844596,39650,ENSG00000174939,396,,,,,,,
IRGC,4,9.21489e-10,0.0208327525504138,0.1958098071661536,24726,ENSG00000124449,397,,,,,,,
TAS2R41,11,5.529e-10,0.0199662582811682,0.1952797830269839,42783,ENSG00000221855,398,,,,,,,
SLC1A5,24,2.5633e-11,0.0211824011249549,0.1949564283243882,17079,ENSG00000105281,399,,,,,,,
AP2S1,60,2.5633e-11,0.0211824011249549,0.1949564283243882,1605,ENSG00000042753,400,,,,,,,
FKRP,27,2.5633e-11,0.0211824011249549,0.1949564283243882,28685,ENSG00000181027,401,,,,,,,
C6orf10,220,8.8636e-10,0.0192723568452257,0.1941591401053023,970,ENSG00000204296,402,,,,,,,
HLA-DRA,228,8.8636e-10,0.0192723568452257,0.1941591401053023,0,ENSG00000204287,403,,,,,,,
BTNL2,294,8.8636e-10,0.0192723568452257,0.1941591401053023,0,ENSG00000204290,404,,,,,,,
MS4A2,36,8.13842e-10,0.020568083403489,0.1937154636814864,0,ENSG00000149534,405,,,,,,,
MS4A3,112,8.13842e-10,0.0188140498295924,0.1937154636814864,17427,ENSG00000149516,406,,,,,,,
SLTM,105,1.61568e-08,0.0209171635876835,0.1936374977334426,0,ENSG00000137776,407,,,,,,,
OOSP2,9,8.71786e-10,0.0187459985048977,0.1936050717590446,40511,ENSG00000149507,408,,,,,,,
C16orf98,1,9.697e-10,0.0185457097802082,0.1933051407542645,49675,ENSG00000261359,409,,,,,,,
PYCARD,4,9.697e-10,0.0185457097802082,0.1933051407542645,49275,ENSG00000103490,410,,,,,,,
INTS8,76,1.724e-08,0.0191763272623539,0.1916026002339937,17503,ENSG00000164941,411,,,,,,,
CCNE2,40,1.724e-08,0.0191763272623539,0.1916026002339937,2571,ENSG00000175305,412,,,,,,,
WNT9B,6,4.359e-09,0.017381037690536,0.1908624605963507,44964,ENSG00000158955,413,,,,,,,
CRHR1,3960,4.438e-09,0.0173298322613508,0.1907930917455951,0,ENSG00000120088,414,,,,,,,
FNBP4,80,4.397e-09,0.0170821033466691,0.190533489445548,0,ENSG00000109920,415,,,,,,,
AGBL2,180,4.397e-09,0.0172931721647451,0.190533489445548,0,ENSG00000165923,416,,,,,,,
ARL17B,204,6.175e-09,0.0169812717904223,0.1901564929225819,0,ENSG00000228696,417,,,,,,,
LRRC37A,69,6.175e-09,0.0169812717904223,0.1901564929225819,4612,ENSG00000176681,418,,,,,,,
NUP160,24,7.887e-09,0.0164371639332879,0.1893768260441477,45192,ENSG00000030066,419,,,,,,,
BBC3,12,7.67096e-09,0.0164055571351569,0.1893647161556407,0,ENSG00000105327,420,,,,,,,
CCDC9,18,7.67096e-09,0.0164055571351569,0.1893647161556407,9913,ENSG00000105321,421,,,,,,,
SAE1,48,7.67096e-09,0.0164055571351569,0.1893647161556407,0,ENSG00000142230,422,,,,,,,
PRR24,2,7.67096e-09,0.0164055571351569,0.1893647161556407,6144,ENSG00000257704,423,,,,,,,
LCORL,6,1.035e-08,0.0160380818661284,0.1887320433000236,0,ENSG00000178177,424,,,,,,,
SPPL2C,377,1.841e-08,0.0166735016161463,0.1886696374071898,0,ENSG00000185294,425,,,,,,,
SLC52A1,5,4.79443e-08,0.0159861791784754,0.1874646712339361,43903,ENSG00000132517,426,,,,,,,
C5AR1,3,2.44191e-08,0.0153028431989647,0.1872614920322489,8157,ENSG00000197405,427,,,,,,,
CCDC83,4,6.216e-13,0.0244129779884142,0.0195998542081478,40188,ENSG00000150676,428,,,,,,,
HCST,6,2.08444e-10,0.0193620212027965,0.0094664183990064,1296,ENSG00000126264,429,,,,,,,
KIRREL2,15,2.08444e-10,0.0193620212027965,0.0094664183990064,33970,ENSG00000126259,430,,,,,,,
NPHS1,15,2.08444e-10,0.0193620212027965,0.0094664183990064,31792,ENSG00000161270,431,,,,,,,
NFKBID,36,2.08444e-10,0.0193620212027965,0.0094664183990064,0,ENSG00000167604,432,,,,,,,
TYROBP,12,2.08444e-10,0.0193620212027965,0.0094664183990064,0,ENSG00000011600,433,,,,,,,
LRFN3,12,2.08444e-10,0.0193620212027965,0.0094664183990064,29473,ENSG00000126243,434,,,,,,,
APLP1,33,2.08444e-10,0.0193620212027965,0.0094664183990064,21288,ENSG00000105290,435,,,,,,,
CEACAM5,7,8.96004e-09,0.0160953801030551,0.0029658405036624,39207,ENSG00000105388,436,,,,,,,
CEA,2,8.96004e-09,0.0160953801030551,0.0029658405036624,39234,ENSG00000267881,437,,,,,,,
PSG1,33,1.8505e-08,0.0154654218211377,0.0017212051388855,13833,ENSG00000231924,438,,,,,,,
PSG8,27,1.8505e-08,0.0154654218211377,0.0017212051388855,0,ENSG00000124467,439,,,,,,,
POU2F2,17,2.97961e-08,0.0150516811536811,0.0008911512140785,0,ENSG00000028277,440,,,,,,,
PSG11,13,3.30248e-08,0.0149623196076333,0.0007277381799078,15447,ENSG00000243130,441,,,,,,,
FAM231C,1,3.82279e-08,0.0148352391174571,0.000466495547546,45404,ENSG00000268991,442,,,,,,,
CROCC,13,3.82279e-08,0.0148352391174571,0.000466495547546,0,ENSG00000058453,443,,,,,,,
