relation,display_relation,x_index,x_id,x_type,x_name,x_source,y_index,y_id,y_type,y_name,y_source,chr,position,maf,effect_allele,beta,pvalue,causal_score,evidence_score,risk_score,lead_snp
SNP,increases_risk_of,253055,rs73560238,SNP,rs73560238,CAUSALdb2,253055,D000544,Disease,Alzheimer Disease,CAUSALdb2,19,45513551,0.4474,T,-0.091,3.956e-17,0.0042462142857142,0.0546758123902495,0.0345039731484354,19-45392672-A-AT
SNP,increases_risk_of,274430,rs140013593,SNP,rs140013593,CAUSALdb2,274430,D000544,Disease,Alzheimer Disease,CAUSALdb2,19,45732661,0.0536,A,0.1532,2.77e-15,0.0085167428571428,0.0485250674364518,0.0325217376047282,19-45733136-C-CTATAA
SNP,increases_risk_of,577338,rs1002399693,SNP,rs1002399693,CAUSALdb2,577338,D000544,Disease,Alzheimer Disease,CAUSALdb2,19,36396575,0.00255179,C,0.860614,2.08444e-10,-0.8570962952857143,0.0322700353379943,0.0193620212027965,rs1002399693
SNP,increases_risk_of,6845,rs10207628,SNP,rs10207628,CAUSALdb2,6845,D000544,Disease,Alzheimer Disease,CAUSALdb2,2,127852021,0.1917,C,-0.105,4.053e-24,0.8275381428571429,0.0779740779875276,0.3777997039353737,rs10207628
SNP,increases_risk_of,647882,rs74775764,SNP,rs74775764,CAUSALdb2,647882,D000544,Disease,Alzheimer Disease,CAUSALdb2,19,46689425,0.0112887,T,0.886801,1.0786e-09,-0.8571110934285714,0.0298904652801595,0.0179342791680957,rs10408583
SNP,increases_risk_of,110905,rs10410833,SNP,rs10410833,CAUSALdb2,110905,D000544,Disease,Alzheimer Disease,CAUSALdb2,19,45668327,,T,0.2686,2.809e-19,0.0777242046117313,0.061838160869328,0.0681925783662893,rs10410833
SNP,increases_risk_of,35228,rs10422555,SNP,rs10422555,CAUSALdb2,35228,D000544,Disease,Alzheimer Disease,CAUSALdb2,19,44713897,0.0330957,G,0.531064,3.41036e-41,0.2221470984285714,0.1348906659138557,0.169793238919742,rs10422555
SNP,increases_risk_of,10003,rs10649400,SNP,rs10649400,CAUSALdb2,10003,D000544,Disease,Alzheimer Disease,CAUSALdb2,11,85733815,0.3164,CAT,0.1154,9.404e-25,0.7104437142857144,0.0800889579318236,0.3322308604733799,rs10649400
SNP,increases_risk_of,26045,rs1065712,SNP,rs1065712,CAUSALdb2,26045,D000544,Disease,Alzheimer Disease,CAUSALdb2,8,11702122,0.053,C,0.1081,5.462e-09,0.4895078571428571,0.0275421610139876,0.2123284394655354,rs1065712
SNP,increases_risk_of,69276,rs10792831,SNP,rs10792831,CAUSALdb2,69276,D000544,Disease,Alzheimer Disease,CAUSALdb2,11,85852979,0.4727,A,0.0973,4.205e-33,0.0882857893571428,0.1079207799995535,0.1000667837425892,rs10792832
SNP,increases_risk_of,63619,rs11771145,SNP,rs11771145,CAUSALdb2,63619,D000544,Disease,Alzheimer Disease,CAUSALdb2,7,143110762,,A,-0.1024,8.757e-10,0.2233710118857143,0.0301921488343077,0.1074636940548703,rs10808026
SNP,increases_risk_of,159333,rs76205446,SNP,rs76205446,CAUSALdb2,159333,D000544,Disease,Alzheimer Disease,CAUSALdb2,19,45355267,,A,0.12846,1.9906699999999999e-25,8.481999999999999e-19,0.0823366690948315,0.0494020014568989,rs1081105
SNP,increases_risk_of,343616,rs7933019,SNP,rs7933019,CAUSALdb2,343616,D000544,Disease,Alzheimer Disease,CAUSALdb2,11,47509137,,C,0.0755,3.198e-08,0.0315969714285714,0.0249837384686326,0.0276290316526081,rs10838725
SNP,increases_risk_of,41890,rs10933431,SNP,rs10933431,CAUSALdb2,41890,D000544,Disease,Alzheimer Disease,CAUSALdb2,2,233981912,0.2343,C,0.0852,1.043e-17,0.2876897280921429,0.0566057189719115,0.1490393226200041,rs10933431
SNP,increases_risk_of,46870,rs111435864,SNP,rs111435864,CAUSALdb2,46870,D000544,Disease,Alzheimer Disease,CAUSALdb2,19,45710456,0.0835538,C,0.516317,7.69485e-16,0.27025978,0.0503793328056479,0.1383315116833887,rs111435864
SNP,increases_risk_of,77539,rs111740474,SNP,rs111740474,CAUSALdb2,77539,D000544,Disease,Alzheimer Disease,CAUSALdb2,19,45223490,,A,0.0822,1.153e-17,0.1437968096864754,0.0564605689756843,0.0913950652600008,rs111740474
SNP,increases_risk_of,145895,rs3752241,SNP,rs3752241,CAUSALdb2,145895,D000544,Disease,Alzheimer Disease,CAUSALdb2,19,1053524,0.1608,C,0.0931,1.645e-14,0.0646991488952381,0.0459461136590466,0.0534473277535232,rs112131072
SNP,increases_risk_of,15229,rs11218343,SNP,rs11218343,CAUSALdb2,15229,D000544,Disease,Alzheimer Disease,CAUSALdb2,11,121435587,,C,-0.2697,4.976e-11,0.6463543857142857,0.0343437320943907,0.2791479935423487,rs11218343
SNP,increases_risk_of,628554,rs4500861,SNP,rs4500861,CAUSALdb2,628554,D000544,Disease,Alzheimer Disease,CAUSALdb2,19,46042245,0.201047,A,0.153175,9.43127e-10,0.0006754584797104,0.0300847660730407,0.0183210430357086,rs112487875
SNP,increases_risk_of,93234,rs10411314,SNP,rs10411314,CAUSALdb2,93234,D000544,Disease,Alzheimer Disease,CAUSALdb2,19,45728059,,T,-0.0611,2.858e-09,0.1545568035922128,0.0284797925851501,0.0789105969879752,rs112759099
SNP,increases_risk_of,55054,rs7246703,SNP,rs7246703,CAUSALdb2,55054,D000544,Disease,Alzheimer Disease,CAUSALdb2,19,45514449,0.449113,G,-0.26424,8.72971e-38,0.1181154092392187,0.123530000610898,0.1213641640622263,rs113150999
SNP,increases_risk_of,602832,rs80172399,SNP,rs80172399,CAUSALdb2,602832,D000544,Disease,Alzheimer Disease,CAUSALdb2,17,5194249,0.126609,G,0.0177959,1.84849e-08,0.0084710385714285,0.025777276315133,0.0188547812176512,rs113260531
SNP,increases_risk_of,39996,rs113706587,SNP,rs113706587,CAUSALdb2,39996,D000544,Disease,Alzheimer Disease,CAUSALdb2,5,179628150,0.1103,A,0.0925,3.38e-12,0.3306265714285714,0.0382369443324078,0.1551927951708732,rs113706587
SNP,increases_risk_of,53626,rs1140239,SNP,rs1140239,CAUSALdb2,53626,D000544,Disease,Alzheimer Disease,CAUSALdb2,16,30021402,0.3789,T,-0.0592,4.613e-12,0.2531225714285714,0.0377867218179724,0.123921061662212,rs1140239
SNP,increases_risk_of,52934,rs114360492,SNP,rs114360492,CAUSALdb2,52934,D000544,Disease,Alzheimer Disease,CAUSALdb2,7,145950029,0.00153988,T,0.17362,2.096e-09,0.2701575714285714,0.028928695738961,0.1254202460148052,rs114360492
SNP,increases_risk_of,71580,rs11500477,SNP,rs11500477,CAUSALdb2,71580,D000544,Disease,Alzheimer Disease,CAUSALdb2,11,47409051,0.3747,A,0.0585,3.277e-12,0.1863719868044285,0.038281745195392,0.0975178418390066,rs11500477
SNP,increases_risk_of,169391,rs147775460,SNP,rs147775460,CAUSALdb2,169391,D000544,Disease,Alzheimer Disease,CAUSALdb2,19,46453256,0.0474901,T,0.351059,1.24595e-23,0.0027900004152482,0.0763483312852465,0.0469249989372472,rs116504986
SNP,increases_risk_of,47175,rs57537848,SNP,rs57537848,CAUSALdb2,47175,D000544,Disease,Alzheimer Disease,CAUSALdb2,19,45354044,0.372513,G,-0.115258,1.81844e-12,0.2854200641785714,0.0391343367468531,0.1376486277195404,rs11666329
SNP,increases_risk_of,24257,rs117090603,SNP,rs117090603,CAUSALdb2,24257,D000544,Disease,Alzheimer Disease,CAUSALdb2,20,43927915,0.0274806,A,-0.304067,1.04542e-08,0.5158623057142856,0.0266023639854732,0.2223063406769982,rs117090603
SNP,increases_risk_of,11171,rs117618017,SNP,rs117618017,CAUSALdb2,11171,D000544,Disease,Alzheimer Disease,CAUSALdb2,15,63569902,0.1439,T,0.113,1.746e-21,0.686642,0.0691931858687681,0.3161727115212608,rs117618017
SNP,increases_risk_of,11008,rs11769559,SNP,rs11769559,CAUSALdb2,11008,D000544,Disease,Alzheimer Disease,CAUSALdb2,7,143111296,0.4059,T,0.0695,3.997e-16,0.7180189285714285,0.0513275528391329,0.3180041031320512,rs11769559
SNP,increases_risk_of,549031,rs62472729,SNP,rs62472729,CAUSALdb2,549031,D000544,Disease,Alzheimer Disease,CAUSALdb2,7,143116061,,C,0.0889,5.186e-10,0.0036075008809285,0.0309505582918888,0.0200133353275047,rs11771145
SNP,increases_risk_of,850734,rs1182951014,SNP,rs1182951014,CAUSALdb2,850734,D000544,Disease,Alzheimer Disease,CAUSALdb2,1,17106360,0.00166415,C,2.34195,3.82279e-08,-0.8571139098571428,0.0247253985290953,0.0148352391174571,rs1182951014
SNP,increases_risk_of,162610,rs3795065,SNP,rs3795065,CAUSALdb2,162610,D000544,Disease,Alzheimer Disease,CAUSALdb2,19,1039444,,T,-0.0968,1.628e-08,0.0825594574127143,0.025961151998156,0.0486004741639793,rs12151021
SNP,increases_risk_of,633321,rs73048031,SNP,rs73048031,CAUSALdb2,633321,D000544,Disease,Alzheimer Disease,CAUSALdb2,19,46635857,0.0261759,C,0.362059,7.86973e-10,4.475959036421429e-05,0.0303468005581769,0.0182259841710518,rs12386125
SNP,increases_risk_of,73703,rs12416487,SNP,rs12416487,CAUSALdb2,73703,D000544,Disease,Alzheimer Disease,CAUSALdb2,10,11721057,,A,-0.085,3.417e-08,0.2013482857142857,0.0248878500706707,0.0954720243281167,rs12416487
SNP,increases_risk_of,43334,rs12444183,SNP,rs12444183,CAUSALdb2,43334,D000544,Disease,Alzheimer Disease,CAUSALdb2,16,81773209,0.3872,A,-0.0591,2.207e-12,0.3072086304428571,0.0388539922227944,0.1461958475108195,rs12444183
SNP,increases_risk_of,681617,rs7252959,SNP,rs7252959,CAUSALdb2,681617,D000544,Disease,Alzheimer Disease,CAUSALdb2,19,46033058,0.337216,G,0.126535,5.75056e-09,0.002016929665137,0.027467632869546,0.0172873515877824,rs12460062
SNP,increases_risk_of,19692,rs12590654,SNP,rs12590654,CAUSALdb2,19692,D000544,Disease,Alzheimer Disease,CAUSALdb2,14,92938855,,A,-0.0965,4.097e-08,0.5727813457142857,0.0246251134534895,0.243887606357808,rs12590654
SNP,increases_risk_of,242773,rs12609102,SNP,rs12609102,CAUSALdb2,242773,D000544,Disease,Alzheimer Disease,CAUSALdb2,19,45385303,0.0388859,T,0.932736,1.23084e-09,0.0443323346542857,0.029699327994787,0.0355525306585865,rs12609102
SNP,increases_risk_of,49214,rs12977604,SNP,rs12977604,CAUSALdb2,49214,D000544,Disease,Alzheimer Disease,CAUSALdb2,19,45442528,,G,0.1507,2.92e-16,0.2547131653525238,0.0517820571618386,0.1329545004381127,rs12977604
SNP,increases_risk_of,374152,rs7253109,SNP,rs7253109,CAUSALdb2,374152,D000544,Disease,Alzheimer Disease,CAUSALdb2,19,46084641,0.376367,T,-0.111777,1.05293e-11,0.0103210235618133,0.0365920016675084,0.0260836104252304,rs12978957
SNP,increases_risk_of,190533,rs61360090,SNP,rs61360090,CAUSALdb2,190533,D000544,Disease,Alzheimer Disease,CAUSALdb2,19,43869967,0.326139,A,0.0943244,3.48586e-08,0.0690592584301954,0.024858966863739,0.0425390834903216,rs12980519
SNP,increases_risk_of,40115,rs12984029,SNP,rs12984029,CAUSALdb2,40115,D000544,Disease,Alzheimer Disease,CAUSALdb2,19,54769366,0.2347,A,0.0619,3.159e-09,0.3444835714285714,0.0283348345803161,0.1547943293196182,rs12984029
SNP,increases_risk_of,200522,rs117749741,SNP,rs117749741,CAUSALdb2,200522,D000544,Disease,Alzheimer Disease,CAUSALdb2,19,46715841,0.0116619,A,0.727413,4.94538e-20,0.0061695588265278,0.0643526677728667,0.0410794241943312,rs137887981
SNP,increases_risk_of,524565,rs8110977,SNP,rs8110977,CAUSALdb2,524565,D000544,Disease,Alzheimer Disease,CAUSALdb2,19,45733214,,T,0.2866,5.069e-11,8.692910167034453e-05,0.0343169256959219,0.0206249270582213,rs138235833
SNP,increases_risk_of,10494,rs138573164,SNP,rs138573164,CAUSALdb2,10494,D000544,Disease,Alzheimer Disease,CAUSALdb2,19,45308074,0.0363275,T,0.782549,1.1436700000000002e-100,0.3130978732488807,0.3331389975695656,0.3251225478412917,rs138573164
SNP,increases_risk_of,134897,rs1385742,SNP,rs1385742,CAUSALdb2,134897,D000544,Disease,Alzheimer Disease,CAUSALdb2,6,47595155,0.3572,A,0.0624,4.686e-13,0.0817293,0.0410973257191301,0.0573501154314781,rs1385742
SNP,increases_risk_of,8767,rs138799625,SNP,rs138799625,CAUSALdb2,8767,D000544,Disease,Alzheimer Disease,CAUSALdb2,15,50264839,0.0091,T,0.2866,5.117e-10,0.8279838552857144,0.0309699486100929,0.3497755112803415,rs138799625
SNP,increases_risk_of,108461,rs2599448,SNP,rs2599448,CAUSALdb2,108461,D000544,Disease,Alzheimer Disease,CAUSALdb2,19,44008355,0.484903,A,-0.127993,5.41751e-16,0.0978521686051741,0.0508873342611926,0.0696732679987852,rs139552503
SNP,increases_risk_of,352752,rs346764,SNP,rs346764,CAUSALdb2,352752,D000544,Disease,Alzheimer Disease,CAUSALdb2,19,45729533,,A,0.3192,2.707e-14,6.746984312852652e-05,0.0452250391474316,0.0271620114257103,rs140480140
SNP,increases_risk_of,17391,rs141190797,SNP,rs141190797,CAUSALdb2,17391,D000544,Disease,Alzheimer Disease,CAUSALdb2,19,46831026,0.040242,A,0.304312,6.40472e-16,0.5650755585714287,0.0506449995062847,0.2564172231323423,rs141190797
SNP,increases_risk_of,18451,rs143080277,SNP,rs143080277,CAUSALdb2,18451,D000544,Disease,Alzheimer Disease,CAUSALdb2,2,106366056,0.0051,T,-0.3915,7.885e-11,0.5712849442857142,0.0336773276744502,0.2487203743189558,rs143080277
SNP,increases_risk_of,579256,rs10995,SNP,rs10995,CAUSALdb2,579256,D000544,Disease,Alzheimer Disease,CAUSALdb2,19,46030154,0.337442,A,0.126318,6.09102e-09,0.0072344713525322,0.027384366581602,0.0193244084899741,rs143294854
SNP,increases_risk_of,4919,rs143332484,SNP,rs143332484,CAUSALdb2,4919,D000544,Disease,Alzheimer Disease,CAUSALdb2,6,41129207,0.0126,T,0.3346,6.035e-19,0.947823,0.0607310757518887,0.4155678454511333,rs143332484
SNP,increases_risk_of,132697,rs187876027,SNP,rs187876027,CAUSALdb2,132697,D000544,Disease,Alzheimer Disease,CAUSALdb2,19,46779644,0.0396218,A,0.349107,1.0127399999999999e-20,0.0453438495702017,0.0666483401214497,0.0581265439009505,rs143399042
SNP,increases_risk_of,146080,rs143934888,SNP,rs143934888,CAUSALdb2,146080,D000544,Disease,Alzheimer Disease,CAUSALdb2,19,45213755,0.0730253,G,0.339976,5.217949999999999e-20,0.0370731280246982,0.0642750002891967,0.0533942513833973,rs143934888
SNP,increases_risk_of,110965,rs41289514,SNP,rs41289514,CAUSALdb2,110965,D000544,Disease,Alzheimer Disease,CAUSALdb2,19,45359667,,A,-0.1168,1.381e-33,0.0060948828052809,0.1095326877380712,0.0681575657649551,rs144261139
SNP,increases_risk_of,180027,rs144311893,SNP,rs144311893,CAUSALdb2,180027,D000544,Disease,Alzheimer Disease,CAUSALdb2,19,45423944,,T,-0.6358,7.596999999999999e-23,0.0007270510285714,0.0737311929119857,0.0445295361586199,rs144311893
SNP,increases_risk_of,48228,rs3916865,SNP,rs3916865,CAUSALdb2,48228,D000544,Disease,Alzheimer Disease,CAUSALdb2,19,45858605,0.299062,A,0.1772,3.1174499999999998e-25,0.2158480515858307,0.0816873350111133,0.1353516216410003,rs147001674
SNP,increases_risk_of,32109,rs11548656,SNP,rs11548656,CAUSALdb2,32109,D000544,Disease,Alzheimer Disease,CAUSALdb2,16,81916912,0.0388,A,0.1177,4.455e-08,0.4107119714285714,0.0245038409720903,0.1789870931546828,rs147330136
SNP,increases_risk_of,111126,rs12972720,SNP,rs12972720,CAUSALdb2,111126,D000544,Disease,Alzheimer Disease,CAUSALdb2,19,1854151,0.4792,C,-0.0516,9.896e-09,0.1301494142857143,0.0266818010445964,0.0680688463410436,rs149080927
SNP,increases_risk_of,83089,rs28367893,SNP,rs28367893,CAUSALdb2,83089,D000544,Disease,Alzheimer Disease,CAUSALdb2,19,45673701,,A,0.1045,8.569e-29,0.0758697741420149,0.0935568995238973,0.0864820493711444,rs150567157
SNP,increases_risk_of,35628,rs867230,SNP,rs867230,CAUSALdb2,35628,D000544,Disease,Alzheimer Disease,CAUSALdb2,8,27468503,0.3969,A,0.1009,1.495e-33,0.2568979571428571,0.1094178626911318,0.1684099004718219,rs1532276
SNP,increases_risk_of,289378,rs201153362,SNP,rs201153362,CAUSALdb2,289378,D000544,Disease,Alzheimer Disease,CAUSALdb2,11,60019264,,T,0.124,2.415e-16,-0.8528939142857143,0.0520569428830415,0.0312341657298249,rs1582763
SNP,increases_risk_of,141933,rs2334252,SNP,rs2334252,CAUSALdb2,141933,D000544,Disease,Alzheimer Disease,CAUSALdb2,19,46088924,0.376347,G,-0.111746,1.06414e-11,0.0820692381414308,0.0365766707726311,0.054773697720151,rs1661184
SNP,increases_risk_of,28492,rs1693551,SNP,rs1693551,CAUSALdb2,28492,D000544,Disease,Alzheimer Disease,CAUSALdb2,8,101675584,0.4672,T,-0.0459,1.785e-08,0.4555261428571429,0.0258278725985059,0.1977071807019607,rs1693551
SNP,increases_risk_of,77484,rs17125944,SNP,rs17125944,CAUSALdb2,77484,D000544,Disease,Alzheimer Disease,CAUSALdb2,14,53400629,0.0889,T,-0.084,3.49e-09,0.1863048476190476,0.028190581910136,0.0914362881937006,rs17125924
SNP,increases_risk_of,164976,rs7515905,SNP,rs7515905,CAUSALdb2,164976,D000544,Disease,Alzheimer Disease,CAUSALdb2,1,207738077,,T,0.1549,3.93e-15,0.04799281,0.0480186914987485,0.0480083388992491,rs1752684
SNP,increases_risk_of,17144,rs1799777,SNP,rs1799777,CAUSALdb2,17144,D000544,Disease,Alzheimer Disease,CAUSALdb2,9,107666035,0.1294,G,-0.0708,9.538e-09,0.6064892857142857,0.0267351422730071,0.2586367996495186,rs1799777
SNP,increases_risk_of,602264,rs7247020,SNP,rs7247020,CAUSALdb2,602264,D000544,Disease,Alzheimer Disease,CAUSALdb2,19,46469916,0.113798,G,-0.154372,3.8323e-10,8.449268780022204e-05,0.0313884683361146,0.0188668780767889,rs183063365
SNP,increases_risk_of,13862,rs183427010,SNP,rs183427010,CAUSALdb2,13862,D000544,Disease,Alzheimer Disease,CAUSALdb2,19,45366498,0.0085,A,0.8095,3.6050000000000004e-58,0.4481249422297209,0.1914769824364818,0.2941361663537775,rs183427010
SNP,increases_risk_of,10148,rs184384746,SNP,rs184384746,CAUSALdb2,10148,D000544,Disease,Alzheimer Disease,CAUSALdb2,3,57226150,0.00110872,T,0.194566,1.237e-08,0.7857762857142857,0.0263587676679029,0.3301257748864561,rs184384746
SNP,increases_risk_of,53248,rs555091835,SNP,rs555091835,CAUSALdb2,53248,D000544,Disease,Alzheimer Disease,CAUSALdb2,19,47185812,0.0140153,T,0.437966,2.33453e-12,0.2536690655,0.0387726684692444,0.1247312272815466,rs184588552
SNP,increases_risk_of,73650,rs12539172,SNP,rs12539172,CAUSALdb2,73650,D000544,Disease,Alzheimer Disease,CAUSALdb2,7,100091795,,T,-0.0681,1.035e-16,0.1589128321428571,0.0532835321673568,0.095535252157557,rs1859788
SNP,increases_risk_of,92354,rs59430794,SNP,rs59430794,CAUSALdb2,92354,D000544,Disease,Alzheimer Disease,CAUSALdb2,19,46529920,0.0115626,T,0.633092,8.61787e-23,0.0884082572582457,0.0735486668716727,0.0794925030263019,rs1861790
SNP,increases_risk_of,16811,rs187370608,SNP,rs187370608,CAUSALdb2,16811,D000544,Disease,Alzheimer Disease,CAUSALdb2,6,40942196,0.0031,A,0.866,1.017e-27,0.5194807517381623,0.0899755968235908,0.2617776587894194,rs187370608
SNP,increases_risk_of,270287,rs189395229,SNP,rs189395229,CAUSALdb2,270287,D000544,Disease,Alzheimer Disease,CAUSALdb2,19,45246601,,C,0.9612,3.786e-17,0.0001131036999999,0.0547393979679074,0.0328888802607444,rs189395229
SNP,increases_risk_of,61597,rs147963283,SNP,rs147963283,CAUSALdb2,61597,D000544,Disease,Alzheimer Disease,CAUSALdb2,19,46766782,0.0358987,A,0.392229,2.25892e-23,0.1623002448967968,0.075486997164711,0.1102122962575453,rs189951053
SNP,increases_risk_of,28688,rs190982,SNP,rs190982,CAUSALdb2,28688,D000544,Disease,Alzheimer Disease,CAUSALdb2,5,88223420,,G,-0.0759,3.225e-08,0.4542162857142857,0.024971567603429,0.1966694548477717,rs190982
SNP,increases_risk_of,61653,rs16978738,SNP,rs16978738,CAUSALdb2,61653,D000544,Disease,Alzheimer Disease,CAUSALdb2,19,44636802,0.0058,A,-0.3575,2.267e-08,0.2370265020706428,0.0254818282662449,0.1100996977880041,rs192096215
SNP,increases_risk_of,331384,rs186110295,SNP,rs186110295,CAUSALdb2,331384,D000544,Disease,Alzheimer Disease,CAUSALdb2,19,45233503,,T,0.7037,7.093e-15,5.459305007787547e-06,0.0471639001338382,0.028300523802306,rs192775394
SNP,increases_risk_of,286311,rs192894783,SNP,rs192894783,CAUSALdb2,286311,D000544,Disease,Alzheimer Disease,CAUSALdb2,19,759680,0.00463996,A,0.578428,3.16512e-08,0.0411935118571428,0.0249986993993909,0.0314766243824917,rs192894783
SNP,increases_risk_of,166678,rs77401305,SNP,rs77401305,CAUSALdb2,166678,D000544,Disease,Alzheimer Disease,CAUSALdb2,19,45641106,0.1036,A,0.1469,6.452e-24,0.0031142571428571,0.0773010188042769,0.047626314139709,rs193187396
SNP,increases_risk_of,134084,rs141657405,SNP,rs141657405,CAUSALdb2,134084,D000544,Disease,Alzheimer Disease,CAUSALdb2,19,43454491,0.0211723,G,0.292236,3.26227e-08,0.1066809785,0.024954933658873,0.0576453515953238,rs1969496328
SNP,increases_risk_of,37786,rs199555322,SNP,rs199555322,CAUSALdb2,37786,D000544,Disease,Alzheimer Disease,CAUSALdb2,11,47378474,,CCT,0.1022,9.804e-10,0.3582358435714286,0.0300286556580665,0.1613115308234113,rs199555322
SNP,increases_risk_of,648468,rs1997231,SNP,rs1997231,CAUSALdb2,648468,D000544,Disease,Alzheimer Disease,CAUSALdb2,19,45121036,0.4988,G,0.123388,1.70777e-09,0.0009686512262189,0.0292252353995433,0.0179226017302135,rs1997231
SNP,increases_risk_of,18584,rs200538373,SNP,rs200538373,CAUSALdb2,18584,D000544,Disease,Alzheimer Disease,CAUSALdb2,19,1061892,0.0039,C,0.5137,2.21e-10,0.5715078221428572,0.0321853590877162,0.2479143443097727,rs200538373
SNP,increases_risk_of,21878,rs2009833,SNP,rs2009833,CAUSALdb2,21878,D000544,Disease,Alzheimer Disease,CAUSALdb2,15,50193553,0.3683,A,-0.0478,3.112e-08,0.5421980214285714,0.0250232013722744,0.2318931293947932,rs2009833
SNP,increases_risk_of,648740,rs143294854,SNP,rs143294854,CAUSALdb2,648740,D000544,Disease,Alzheimer Disease,CAUSALdb2,19,44863203,0.0386791,C,0.54435,1.19826e-09,0.0001868114180342,0.0297381631264834,0.0179176224431037,rs201061421
SNP,increases_risk_of,56484,rs201723718,SNP,rs201723718,CAUSALdb2,56484,D000544,Disease,Alzheimer Disease,CAUSALdb2,19,47536984,0.0486123,G,0.244024,4.59727e-12,0.2397453988571428,0.0377916666305511,0.1185731595211878,rs201723718
SNP,increases_risk_of,48064,rs28658530,SNP,rs28658530,CAUSALdb2,48064,D000544,Disease,Alzheimer Disease,CAUSALdb2,19,45966174,0.0725216,A,0.296892,1.19978e-24,0.2198253978249496,0.0797363279396894,0.1357719558937935,rs204539
SNP,increases_risk_of,30323,rs4575098,SNP,rs4575098,CAUSALdb2,30323,D000544,Disease,Alzheimer Disease,CAUSALdb2,1,161155392,0.2404,A,0.0539,1.333e-08,0.4316653857142856,0.0262505661686204,0.1884164939868865,rs2070902
SNP,increases_risk_of,114364,rs4734295,SNP,rs4734295,CAUSALdb2,114364,D000544,Disease,Alzheimer Disease,CAUSALdb2,8,96000919,0.4606,A,-0.0487,1.975e-09,0.1225338,0.0290147763334584,0.066422385800075,rs2131607642
SNP,increases_risk_of,27919,rs532864273,SNP,rs532864273,CAUSALdb2,27919,D000544,Disease,Alzheimer Disease,CAUSALdb2,19,398501,0.00402787,A,0.751506,2.36499e-08,0.4651826905714285,0.0254205689709011,0.2013254176111121,rs2145337655
SNP,increases_risk_of,50457,rs469420,SNP,rs469420,CAUSALdb2,50457,D000544,Disease,Alzheimer Disease,CAUSALdb2,21,27541944,0.4831,A,0.0486,3.018e-09,0.2834048857142857,0.028400935881868,0.1304025158148351,rs2154481
SNP,increases_risk_of,382375,rs2341634,SNP,rs2341634,CAUSALdb2,382375,D000544,Disease,Alzheimer Disease,CAUSALdb2,19,46470305,0.337705,C,-0.120579,1.01906e-12,0.0042636037743089,0.0399726674831392,0.0256890419996071,rs2341634
SNP,increases_risk_of,315664,rs191842830,SNP,rs191842830,CAUSALdb2,315664,D000544,Disease,Alzheimer Disease,CAUSALdb2,19,44415919,0.0124476,C,0.518619,2.49172e-15,1.3205074235480417e-05,0.0486783358729576,0.0292122835534687,rs2356338
SNP,increases_risk_of,46554,rs1441619,SNP,rs1441619,CAUSALdb2,46554,D000544,Disease,Alzheimer Disease,CAUSALdb2,19,45091480,0.118908,T,0.166431,2.47685e-12,0.2900242792857143,0.0386870009794532,0.1392219123019576,rs2357101
SNP,increases_risk_of,22261,rs2680700,SNP,rs2680700,CAUSALdb2,22261,D000544,Disease,Alzheimer Disease,CAUSALdb2,17,56440542,0.3755,T,-0.0482,9.901e-09,0.5328897142857142,0.0266810697982945,0.2291645275932624,rs2680700
SNP,increases_risk_of,61476,rs2718058,SNP,rs2718058,CAUSALdb2,61476,D000544,Disease,Alzheimer Disease,CAUSALdb2,7,37841534,,G,-0.0774,4.757e-09,0.2343078099999999,0.0277422228286003,0.1103684576971602,rs2718058
SNP,increases_risk_of,137763,rs10416517,SNP,rs10416517,CAUSALdb2,137763,D000544,Disease,Alzheimer Disease,CAUSALdb2,19,45962856,0.0664789,A,0.299627,2.49632e-14,0.0727597906595968,0.0453423324792624,0.0563093157513962,rs2722680
SNP,increases_risk_of,59778,rs2830489,SNP,rs2830489,CAUSALdb2,59778,D000544,Disease,Alzheimer Disease,CAUSALdb2,21,28148191,0.2809,T,-0.0547,1.718e-09,0.2380859521714285,0.0292165894683492,0.1127643345495809,rs2830489
SNP,increases_risk_of,60317,rs283810,SNP,rs283810,CAUSALdb2,60317,D000544,Disease,Alzheimer Disease,CAUSALdb2,19,45388241,0.0787,T,-0.2042,6.004e-37,0.0988642142857188,0.1207385310547625,0.111988804347145,rs283810
SNP,increases_risk_of,104124,rs283814,SNP,rs283814,CAUSALdb2,104124,D000544,Disease,Alzheimer Disease,CAUSALdb2,19,45389224,0.0736,A,-0.1709,9.508e-23,0.0703280000000118,0.0734063694231462,0.0721750216538924,rs283814
SNP,increases_risk_of,28915,rs28577986,SNP,rs28577986,CAUSALdb2,28915,D000544,Disease,Alzheimer Disease,CAUSALdb2,14,106200232,0.2632,A,0.0698,3.38e-10,0.441451,0.0315702776657411,0.1955225665994447,rs28577986
SNP,increases_risk_of,46603,rs73223431,SNP,rs73223431,CAUSALdb2,46603,D000544,Disease,Alzheimer Disease,CAUSALdb2,8,27219987,,T,0.0914,1.378e-08,0.3084115619047619,0.0262025026080946,0.1390861263267615,rs28834970
SNP,increases_risk_of,6308,rs2889414,SNP,rs2889414,CAUSALdb2,6308,D000544,Disease,Alzheimer Disease,CAUSALdb2,19,45297928,,G,0.4276,2.492e-43,0.7558338571428571,0.1420115065400429,0.3875404467811686,rs2889414
SNP,increases_risk_of,66244,rs2967668,SNP,rs2967668,CAUSALdb2,66244,D000544,Disease,Alzheimer Disease,CAUSALdb2,19,45302951,,A,0.2976,5.811e-32,0.1040210639285714,0.1041191637485374,0.104079923820551,rs2967668
SNP,increases_risk_of,479567,rs145903417,SNP,rs145903417,CAUSALdb2,479567,D000544,Disease,Alzheimer Disease,CAUSALdb2,19,45629104,,G,0.10012,1.79804e-09,0.0110185267238095,0.0291506688366217,0.0218978119914968,rs34095326
SNP,increases_risk_of,5823,rs34173062,SNP,rs34173062,CAUSALdb2,5823,D000544,Disease,Alzheimer Disease,CAUSALdb2,8,145158607,0.0814,A,0.1139,2.934e-12,0.9381912857142858,0.0384417996349757,0.3983415940666998,rs34173062
SNP,increases_risk_of,461780,rs905342119,SNP,rs905342119,CAUSALdb2,461780,D000544,Disease,Alzheimer Disease,CAUSALdb2,19,45331109,0.0162547,C,0.880341,6.1052e-12,8.658785752795743e-06,0.0373810003481689,0.0224320637232024,rs34215622
SNP,increases_risk_of,29591,rs344819,SNP,rs344819,CAUSALdb2,29591,D000544,Disease,Alzheimer Disease,CAUSALdb2,19,45823174,0.178575,A,-0.258703,2.09315e-38,0.2917749588074419,0.1255973321599762,0.1920683828189625,rs344819
SNP,increases_risk_of,30945,rs34674752,SNP,rs34674752,CAUSALdb2,30945,D000544,Disease,Alzheimer Disease,CAUSALdb2,8,145154222,0.0482,A,0.1119,2.51e-08,0.4242261428571428,0.0253344209283965,0.184891109699895,rs34674752
SNP,increases_risk_of,134536,rs34886670,SNP,rs34886670,CAUSALdb2,134536,D000544,Disease,Alzheimer Disease,CAUSALdb2,6,114707415,0.3607,CTT,-0.048,2.78e-08,0.1059080328771428,0.0251865173469397,0.0574751235590209,rs34886670
SNP,increases_risk_of,194213,rs35057129,SNP,rs35057129,CAUSALdb2,194213,D000544,Disease,Alzheimer Disease,CAUSALdb2,19,45535310,0.27658,A,-0.197022,4.57404e-18,0.0182394152230657,0.0577990001393516,0.0419751661728372,rs35057129
SNP,increases_risk_of,12252,rs9931998,SNP,rs9931998,CAUSALdb2,12252,D000544,Disease,Alzheimer Disease,CAUSALdb2,16,81772536,0.319,A,-0.0603,3.626e-11,0.7119360428571427,0.034801907334135,0.3056555615433381,rs35205751
SNP,increases_risk_of,129022,rs35349669,SNP,rs35349669,CAUSALdb2,129022,D000544,Disease,Alzheimer Disease,CAUSALdb2,2,234068476,,T,0.0512,2.363e-10,0.1010063666666666,0.0320884542612254,0.0596556192234019,rs35349669
SNP,increases_risk_of,81140,rs368745,SNP,rs368745,CAUSALdb2,81140,D000544,Disease,Alzheimer Disease,CAUSALdb2,19,44124368,0.0714479,T,0.226574,1.2735e-14,0.1505883695458052,0.0463166701690012,0.0880253499197228,rs368745
SNP,increases_risk_of,126553,rs3740688,SNP,rs3740688,CAUSALdb2,126553,D000544,Disease,Alzheimer Disease,CAUSALdb2,11,47380340,,T,0.0935,9.702e-11,0.1016852571428571,0.0333771290990331,0.0607003803165627,rs3740688
SNP,increases_risk_of,137750,rs4807468,SNP,rs4807468,CAUSALdb2,137750,D000544,Disease,Alzheimer Disease,CAUSALdb2,19,1039186,,A,-0.0468,3.829e-08,0.1036976033604571,0.024723048778841,0.0563128706114874,rs3752231
SNP,increases_risk_of,394811,rs8100565,SNP,rs8100565,CAUSALdb2,394811,D000544,Disease,Alzheimer Disease,CAUSALdb2,19,44308764,0.331609,G,0.112794,1.47809e-11,0.0085835839141283,0.0361009970706985,0.0250940318080704,rs377345993
SNP,increases_risk_of,9302,rs3822030,SNP,rs3822030,CAUSALdb2,9302,D000544,Disease,Alzheimer Disease,CAUSALdb2,4,987343,0.4288,T,0.0514,5.036e-10,0.8076142857142857,0.0309930475952139,0.3416415428428426,rs3822030
SNP,increases_risk_of,68309,rs3830435,SNP,rs3830435,CAUSALdb2,68309,D000544,Disease,Alzheimer Disease,CAUSALdb2,2,127865132,,CGCCCGGT,-0.1286,6.423e-14,0.187369,0.0439742069266196,0.1013321241559718,rs3830435
SNP,increases_risk_of,103287,rs3845261,SNP,rs3845261,CAUSALdb2,103287,D000544,Disease,Alzheimer Disease,CAUSALdb2,17,5008236,,T,0.0545,4.006e-08,0.1447168361428571,0.0246576301834748,0.0726813125672277,rs3845261
SNP,increases_risk_of,31320,rs10792832,SNP,rs10792832,CAUSALdb2,31320,D000544,Disease,Alzheimer Disease,CAUSALdb2,11,85867875,,A,-0.147,1.886e-11,0.4031505814285714,0.0357481943719956,0.1827091491946259,rs3851179
SNP,increases_risk_of,14863,rs3852860,SNP,rs3852860,CAUSALdb2,14863,D000544,Disease,Alzheimer Disease,CAUSALdb2,19,45382966,,T,-0.2709,3.937e-52,0.4509421525935714,0.1713494486173659,0.2831865302078481,rs3852860
SNP,increases_risk_of,150049,rs3857580,SNP,rs3857580,CAUSALdb2,150049,D000544,Disease,Alzheimer Disease,CAUSALdb2,6,41216334,0.4141,A,0.053,1.414e-10,0.0810980642857143,0.032831835301797,0.0521383268953639,rs3857580
SNP,increases_risk_of,778530,rs73936968,SNP,rs73936968,CAUSALdb2,778530,D000544,Disease,Alzheimer Disease,CAUSALdb2,19,45395816,,A,-0.3835,1.382e-08,1.754404982384286e-05,0.026198306523206,0.0157260015338531,rs3865427
SNP,increases_risk_of,31057,rs3865444,SNP,rs3865444,CAUSALdb2,31057,D000544,Disease,Alzheimer Disease,CAUSALdb2,19,51727962,0.299276,A,-0.0133378,6.33697e-09,0.4198465714285713,0.0273270611629123,0.1843348652691759,rs3865444
SNP,increases_risk_of,182332,rs60152947,SNP,rs60152947,CAUSALdb2,182332,D000544,Disease,Alzheimer Disease,CAUSALdb2,19,45834825,0.195636,C,0.10849,3.58748e-08,0.0728641576438009,0.0248173683713953,0.0440360840803576,rs3916865
SNP,increases_risk_of,255730,rs2927472,SNP,rs2927472,CAUSALdb2,255730,D000544,Disease,Alzheimer Disease,CAUSALdb2,19,45349369,,T,-0.1803,1.997e-16,0.0070345977352285,0.0523320731170976,0.03421308296435,rs41290120
SNP,increases_risk_of,37595,rs4147929,SNP,rs4147929,CAUSALdb2,37595,D000544,Disease,Alzheimer Disease,CAUSALdb2,19,1063443,,A,0.1348,1.701e-09,0.3606429922857143,0.0292309856212914,0.1617957882870605,rs4147929
SNP,increases_risk_of,54828,rs564724,SNP,rs564724,CAUSALdb2,54828,D000544,Disease,Alzheimer Disease,CAUSALdb2,19,45370649,,A,0.148,1.012e-19,0.2093537149322545,0.0633160649583207,0.1217311249478942,rs417193
SNP,increases_risk_of,44812,rs4239533,SNP,rs4239533,CAUSALdb2,44812,D000544,Disease,Alzheimer Disease,CAUSALdb2,19,45342241,0.2952,A,-0.135,1.168e-43,0.1428571428571428,0.143108523857412,0.1430079714573043,rs4239533
SNP,increases_risk_of,40454,rs4292,SNP,rs4292,CAUSALdb2,40454,D000544,Disease,Alzheimer Disease,CAUSALdb2,17,61554341,0.383,T,0.0688,3.474e-16,0.3070912785714285,0.0515305672862964,0.1537548518003492,rs4292
SNP,increases_risk_of,1077,rs429358,SNP,rs429358,CAUSALdb2,1077,D000544,Disease,Alzheimer Disease,CAUSALdb2,19,45411941,0.15439,C,1.833,2.51189e-111,0.884852557104762,0.3686666646100787,0.575141021607952,rs429358
SNP,increases_risk_of,84656,rs73050293,SNP,rs73050293,CAUSALdb2,84656,D000544,Disease,Alzheimer Disease,CAUSALdb2,19,45379746,0.1355,A,0.1462,5.386e-29,0.0720542591324078,0.0942291121697483,0.0853591709548121,rs440277
SNP,increases_risk_of,176445,rs610877,SNP,rs610877,CAUSALdb2,176445,D000544,Disease,Alzheimer Disease,CAUSALdb2,15,59103328,0.359532,A,-0.0130325,2.84946e-09,0.0705315571428571,0.0284841247838787,0.0453030977274701,rs442495
SNP,increases_risk_of,113990,rs4485362,SNP,rs4485362,CAUSALdb2,113990,D000544,Disease,Alzheimer Disease,CAUSALdb2,16,81975831,0.4604,T,0.0463,1.997e-08,0.1279384285714285,0.0256654064504309,0.06657461529883,rs4485362
SNP,increases_risk_of,114521,rs7225002,SNP,rs7225002,CAUSALdb2,114521,D000544,Disease,Alzheimer Disease,CAUSALdb2,17,44189067,0.403,A,0.0537,1.783e-10,0.1171436714285714,0.0324961621894154,0.0663551658850778,rs4510068
SNP,increases_risk_of,181330,rs4704171,SNP,rs4704171,CAUSALdb2,181330,D000544,Disease,Alzheimer Disease,CAUSALdb2,5,74368254,,C,0.1779,2.776e-08,0.0728381866511428,0.0251886017940572,0.0442484357368915,rs4704171
SNP,increases_risk_of,641972,rs11878720,SNP,rs11878720,CAUSALdb2,641972,D000544,Disease,Alzheimer Disease,CAUSALdb2,19,44685483,0.0316181,C,0.562469,1.0586e-08,0.0052579042310285,0.0265842270344825,0.0180536979131009,rs4803693
SNP,increases_risk_of,309211,rs4803744,SNP,rs4803744,CAUSALdb2,309211,D000544,Disease,Alzheimer Disease,CAUSALdb2,19,45224236,0.458429,G,-0.144153,2.78548e-12,0.0163409289651428,0.0385169998515575,0.0296465714969916,rs4803744
SNP,increases_risk_of,43212,rs3810143,SNP,rs3810143,CAUSALdb2,43212,D000544,Disease,Alzheimer Disease,CAUSALdb2,19,45349402,,C,0.2023,4.671e-32,0.2093370528548409,0.104435300442374,0.1463960014073608,rs4803762
SNP,increases_risk_of,14231,rs4803765,SNP,rs4803765,CAUSALdb2,14231,D000544,Disease,Alzheimer Disease,CAUSALdb2,19,45358448,,T,0.7165,7.131e-32,0.5714886317142857,0.1038228318785072,0.2908891518128186,rs4803765
SNP,increases_risk_of,40428,rs8111560,SNP,rs8111560,CAUSALdb2,40428,D000544,Disease,Alzheimer Disease,CAUSALdb2,19,45587342,0.460847,G,-0.147322,8.95777e-21,0.2843473195238095,0.0668260003090257,0.1538345279949392,rs4803797
SNP,increases_risk_of,24781,rs5112,SNP,rs5112,CAUSALdb2,24781,D000544,Disease,Alzheimer Disease,CAUSALdb2,19,45430280,0.415588,G,-0.215543,1.03371e-40,0.3490004643929854,0.1332853376079592,0.2195713883219697,rs5112
SNP,increases_risk_of,420160,rs123187,SNP,rs123187,CAUSALdb2,420160,D000544,Disease,Alzheimer Disease,CAUSALdb2,19,45830947,0.443819,A,-0.20554,9.16537e-10,0.0147738894764285,0.0301261666605444,0.023985255786898,rs5167
SNP,increases_risk_of,113664,rs1081106,SNP,rs1081106,CAUSALdb2,113664,D000544,Disease,Alzheimer Disease,CAUSALdb2,19,45413366,0.0853,T,0.2024,7.203e-34,0.0011366014285714,0.1104749552840777,0.0667396137418752,rs528070791
SNP,increases_risk_of,519591,rs183359830,SNP,rs183359830,CAUSALdb2,519591,D000544,Disease,Alzheimer Disease,CAUSALdb2,19,47311219,0.0179112,G,0.336183,2.42092e-09,0.008792745,0.028720065205692,0.0207491371234152,rs535076290
SNP,increases_risk_of,645428,rs545725335,SNP,rs545725335,CAUSALdb2,645428,D000544,Disease,Alzheimer Disease,CAUSALdb2,19,1018668,0.0047766,A,0.607424,1.0173e-09,-0.8570873975714286,0.0299751698516741,0.0179851019110045,rs545725335
SNP,increases_risk_of,25758,rs113571662,SNP,rs113571662,CAUSALdb2,25758,D000544,Disease,Alzheimer Disease,CAUSALdb2,19,45082701,0.0814795,T,0.2631,4.76431e-21,0.4341712591023809,0.0677399999599079,0.2143125036168971,rs558113987
SNP,increases_risk_of,735258,rs55972177,SNP,rs55972177,CAUSALdb2,735258,D000544,Disease,Alzheimer Disease,CAUSALdb2,19,45080229,0.255752,A,-0.131142,2.41018e-08,0.0028750571473772,0.0253931684056805,0.0163859239023591,rs55972177
SNP,increases_risk_of,30111,rs561654715,SNP,rs561654715,CAUSALdb2,30111,D000544,Disease,Alzheimer Disease,CAUSALdb2,19,45394204,0.0034,A,1.0389,2.042e-38,0.2857146575000123,0.1256331475408303,0.1896657515245031,rs561654715
SNP,increases_risk_of,12412,rs56407236,SNP,rs56407236,CAUSALdb2,12412,D000544,Disease,Alzheimer Disease,CAUSALdb2,16,90170095,0.0693,A,0.1097,1.283e-11,0.7053155571428571,0.0363059111454169,0.3039097695443929,rs56407236
SNP,increases_risk_of,144693,rs511825,SNP,rs511825,CAUSALdb2,144693,D000544,Disease,Alzheimer Disease,CAUSALdb2,19,45370554,0.3962,T,0.0932,6.143e-26,0.0083994358571428,0.0840387316156014,0.053783013312218,rs564724
SNP,increases_risk_of,564361,rs445265,SNP,rs445265,CAUSALdb2,564361,D000544,Disease,Alzheimer Disease,CAUSALdb2,19,44499687,0.204203,A,-0.123234,1.64119e-10,0.0001796629162339,0.03261613712638,0.0196415474423216,rs565544746
SNP,increases_risk_of,59997,rs572028460,SNP,rs572028460,CAUSALdb2,59997,D000544,Disease,Alzheimer Disease,CAUSALdb2,19,896596,0.00479082,A,0.611193,1.62073e-09,0.2372536746428571,0.0293009644297909,0.1124820485150174,rs572028460
SNP,increases_risk_of,38875,rs78534596,SNP,rs78534596,CAUSALdb2,38875,D000544,Disease,Alzheimer Disease,CAUSALdb2,17,5135360,0.1297,A,-0.0882,6.911e-13,0.3349152857142857,0.0405348636901034,0.1582870324997763,rs57402520
SNP,increases_risk_of,11221,rs5848,SNP,rs5848,CAUSALdb2,11221,D000544,Disease,Alzheimer Disease,CAUSALdb2,17,42430244,0.2886,T,0.0646,1.756e-12,0.7299040000000001,0.0391849182947663,0.3154725509768599,rs5848
SNP,increases_risk_of,268010,rs1648532,SNP,rs1648532,CAUSALdb2,268010,D000544,Disease,Alzheimer Disease,CAUSALdb2,15,59076778,,C,-0.0518,3.046e-10,0.0351159757857142,0.0317209003366665,0.0330789305162856,rs593742
SNP,increases_risk_of,165785,rs143459034,SNP,rs143459034,CAUSALdb2,165785,D000544,Disease,Alzheimer Disease,CAUSALdb2,19,45358026,,T,0.12364,1.2050400000000002e-24,5.663560000028837e-08,0.0797299951230468,0.047838019728068,rs60049679
SNP,increases_risk_of,58850,rs17462136,SNP,rs17462136,CAUSALdb2,58850,D000544,Disease,Alzheimer Disease,CAUSALdb2,20,54987216,0.0861,C,-0.1189,5.819e-16,0.2093992678571428,0.0507838388093552,0.1142300104284703,rs6014724
SNP,increases_risk_of,72255,rs653765,SNP,rs653765,CAUSALdb2,72255,D000544,Disease,Alzheimer Disease,CAUSALdb2,15,59042012,0.2875,T,0.0599,3.443e-11,0.1895854549047619,0.0348768765909844,0.0967603079164954,rs602602
SNP,increases_risk_of,31128,rs610352,SNP,rs610352,CAUSALdb2,31128,D000544,Disease,Alzheimer Disease,CAUSALdb2,11,59996968,0.317703,C,0.114335,3.46338e-11,0.4077486214285714,0.0348683328510107,0.1840204482820349,rs611267
SNP,increases_risk_of,130908,rs73570785,SNP,rs73570785,CAUSALdb2,130908,D000544,Disease,Alzheimer Disease,CAUSALdb2,19,46524217,0.0114395,T,0.770777,2.23049e-22,0.0386947439302214,0.0721719990649968,0.0587810970110866,rs61497458
SNP,increases_risk_of,28354,rs616338,SNP,rs616338,CAUSALdb2,28354,D000544,Disease,Alzheimer Disease,CAUSALdb2,17,47297297,0.0122,T,0.2944,5.379e-13,0.4349860835714286,0.0408976615190605,0.1985330303400077,rs616338
SNP,increases_risk_of,18247,rs61762319,SNP,rs61762319,CAUSALdb2,18247,D000544,Disease,Alzheimer Disease,CAUSALdb2,3,154801978,0.0263,A,-0.143,2.142e-08,0.5867690142857143,0.0255639351116805,0.250045966781294,rs61762319
SNP,increases_risk_of,70933,rs62113693,SNP,rs62113693,CAUSALdb2,70933,D000544,Disease,Alzheimer Disease,CAUSALdb2,19,43820808,0.153839,G,0.119484,3.0512e-08,0.2081142,0.0250517644143268,0.0982767386485961,rs62113693
SNP,increases_risk_of,82020,rs62117224,SNP,rs62117224,CAUSALdb2,82020,D000544,Disease,Alzheimer Disease,CAUSALdb2,19,45524679,,A,-0.1773,3.657e-21,0.1160780961728571,0.0681229167988731,0.0873049885484667,rs62117224
SNP,increases_risk_of,15297,rs10856,SNP,rs10856,CAUSALdb2,15297,D000544,Disease,Alzheimer Disease,CAUSALdb2,19,45541414,,T,0.3611,1.484e-16,0.6169820657142857,0.0527618869968566,0.2784499584838283,rs62117257
SNP,increases_risk_of,36572,rs62375397,SNP,rs62375397,CAUSALdb2,36572,D000544,Disease,Alzheimer Disease,CAUSALdb2,5,86298531,0.2104,T,0.0746,8.579e-14,0.3473271428571428,0.0435552111072457,0.1650639838072045,rs62375397
SNP,increases_risk_of,48721,rs63750847,SNP,rs63750847,CAUSALdb2,48721,D000544,Disease,Alzheimer Disease,CAUSALdb2,21,27269932,0.00357818,T,-0.929441,2.91588e-08,0.2978630227142857,0.0251174345097423,0.1342156697915597,rs63750847
SNP,increases_risk_of,365274,rs4373155,SNP,rs4373155,CAUSALdb2,365274,D000544,Disease,Alzheimer Disease,CAUSALdb2,4,11022799,0.262288,G,0.0137644,9.12209e-09,0.0261096999999999,0.0267996854908502,0.0265236912945101,rs6448453
SNP,increases_risk_of,88171,rs6504163,SNP,rs6504163,CAUSALdb2,88171,D000544,Disease,Alzheimer Disease,CAUSALdb2,17,61545779,,T,0.0503,5.391e-09,0.1656551428571428,0.0275611022272378,0.0827987184791998,rs6504163
SNP,increases_risk_of,42340,rs6509227,SNP,rs6509227,CAUSALdb2,42340,D000544,Disease,Alzheimer Disease,CAUSALdb2,19,46141677,0.391311,G,0.165027,1.29628e-24,0.2503973552196952,0.0796243372651503,0.1479335444469682,rs6509227
SNP,increases_risk_of,67495,rs7922621,SNP,rs7922621,CAUSALdb2,67495,D000544,Disease,Alzheimer Disease,CAUSALdb2,10,82251544,0.1985,A,0.0781,2.296e-14,0.1875314,0.0454634270542468,0.1022906162325481,rs6586028
SNP,increases_risk_of,110184,rs35525122,SNP,rs35525122,CAUSALdb2,110184,D000544,Disease,Alzheimer Disease,CAUSALdb2,6,32561283,0.1634,A,-0.0956,3.134e-17,0.0890062057571428,0.0550130033595581,0.068610284318592,rs6605556
SNP,increases_risk_of,65025,rs4722760,SNP,rs4722760,CAUSALdb2,65025,D000544,Disease,Alzheimer Disease,CAUSALdb2,7,28172183,0.213,A,0.0552,2.883e-08,0.2262676857142857,0.0251338511920393,0.1055873850009379,rs67250450
SNP,increases_risk_of,5689,rs6733839,SNP,rs6733839,CAUSALdb2,5689,D000544,Disease,Alzheimer Disease,CAUSALdb2,2,127892810,,T,0.2063,5.369e-20,0.9062171224489796,0.0642336886534558,0.4010270621716653,rs6733839
SNP,increases_risk_of,279836,rs67141839,SNP,rs67141839,CAUSALdb2,279836,D000544,Disease,Alzheimer Disease,CAUSALdb2,6,32572571,,G,-0.0953,3.179e-08,0.04259811,0.0249923649069507,0.0320346629441704,rs67433939
SNP,increases_risk_of,48813,rs10863418,SNP,rs10863418,CAUSALdb2,48813,D000544,Disease,Alzheimer Disease,CAUSALdb2,1,207798238,,C,0.0562,4.057e-08,0.2979625497959183,0.0246393166409855,0.1339686099029587,rs679515
SNP,increases_risk_of,84718,rs11728636,SNP,rs11728636,CAUSALdb2,84718,D000544,Disease,Alzheimer Disease,CAUSALdb2,4,11023243,0.2598,A,0.0644,3.193e-12,0.15580046,0.0383193369382018,0.0853117861629211,rs6846529
SNP,increases_risk_of,756654,rs6850306,SNP,rs6850306,CAUSALdb2,756654,D000544,Disease,Alzheimer Disease,CAUSALdb2,4,18006089,,A,-0.07077,1.035e-08,0.0001699064142857,0.0266168655006902,0.0160380818661284,rs6850306
SNP,increases_risk_of,582015,rs3763311,SNP,rs3763311,CAUSALdb2,582015,D000544,Disease,Alzheimer Disease,CAUSALdb2,6,32376176,0.274007,T,-0.0144514,8.8636e-10,0.0029189428571428,0.0301746328372809,0.0192723568452257,rs6931277
SNP,increases_risk_of,50869,rs723212,SNP,rs723212,CAUSALdb2,50869,D000544,Disease,Alzheimer Disease,CAUSALdb2,10,61725913,0.3964,A,0.0459,3.73e-08,0.2868385857142857,0.0247609705606377,0.1295920166220969,rs7068231
SNP,increases_risk_of,249330,rs77972827,SNP,rs77972827,CAUSALdb2,249330,D000544,Disease,Alzheimer Disease,CAUSALdb2,17,5116379,,A,-0.0525,1.882e-09,0.0436006825428571,0.0290846012696958,0.0348910337789603,rs7225151
SNP,increases_risk_of,132000,rs7232,SNP,rs7232,CAUSALdb2,132000,D000544,Disease,Alzheimer Disease,CAUSALdb2,11,59940599,,A,-0.1323,2.895e-09,0.103214133495102,0.0284611714397884,0.0583623562619139,rs7232
SNP,increases_risk_of,393635,rs35194383,SNP,rs35194383,CAUSALdb2,393635,D000544,Disease,Alzheimer Disease,CAUSALdb2,19,45516050,0.484842,C,-0.282413,1.72822e-12,0.0040649867671924,0.0392080032441834,0.025150796653387,rs7246703
SNP,increases_risk_of,57816,rs201061421,SNP,rs201061421,CAUSALdb2,57816,D000544,Disease,Alzheimer Disease,CAUSALdb2,19,46082454,0.0522859,C,0.464563,1.6974600000000002e-28,0.1510415819000357,0.0925673348363711,0.1159570336618369,rs72626213
SNP,increases_risk_of,8003,rs72824905,SNP,rs72824905,CAUSALdb2,8003,D000544,Disease,Alzheimer Disease,CAUSALdb2,16,81942028,0.0078,C,0.3065,2.664e-10,0.85184723,0.0319148859316724,0.3598878235590035,rs72824905
SNP,increases_risk_of,148582,rs72844190,SNP,rs72844190,CAUSALdb2,148582,D000544,Disease,Alzheimer Disease,CAUSALdb2,6,32521785,,T,0.1388,3.759e-09,0.0894313097142857,0.0280830922476206,0.0526223792342866,rs72844190
SNP,increases_risk_of,120059,rs72924659,SNP,rs72924659,CAUSALdb2,120059,D000544,Disease,Alzheimer Disease,CAUSALdb2,11,60103385,,T,-0.1413,5.354e-13,0.0980159921428571,0.0409044054438302,0.063749040123441,rs72924659
SNP,increases_risk_of,191491,rs9304646,SNP,rs9304646,CAUSALdb2,191491,D000544,Disease,Alzheimer Disease,CAUSALdb2,19,45450408,0.4542,T,-0.0863,1.038e-21,0.0010349157142857,0.0699460088216252,0.0423815715786894,rs73045691
SNP,increases_risk_of,630270,rs73048059,SNP,rs73048059,CAUSALdb2,630270,D000544,Disease,Alzheimer Disease,CAUSALdb2,19,46659112,0.0261759,A,0.362571,7.36648e-10,4.9159557142857147e-05,0.0304424666197367,0.0182851437946992,rs73046150
SNP,increases_risk_of,121699,rs35763320,SNP,rs35763320,CAUSALdb2,121699,D000544,Disease,Alzheimer Disease,CAUSALdb2,19,45360783,0.150321,C,0.183202,2.34099e-17,0.0740988439037485,0.0554353348049128,0.0629007384444471,rs73050216
SNP,increases_risk_of,266067,rs57735330,SNP,rs57735330,CAUSALdb2,266067,D000544,Disease,Alzheimer Disease,CAUSALdb2,8,27205046,,A,0.0883,6.382e-09,0.0421244455042857,0.0273168106671416,0.0332398646019993,rs73223431
SNP,increases_risk_of,488180,rs111348734,SNP,rs111348734,CAUSALdb2,488180,D000544,Disease,Alzheimer Disease,CAUSALdb2,19,45955273,0.0529645,G,0.527935,1.67571e-11,0.0002186834285714,0.035919337128759,0.021639075648684,rs73565001
SNP,increases_risk_of,53123,rs7384878,SNP,rs7384878,CAUSALdb2,53123,D000544,Disease,Alzheimer Disease,CAUSALdb2,7,99932049,,T,0.0644,1.291e-10,0.26298868901,0.0329635791924452,0.1249736231194671,rs7384878
SNP,increases_risk_of,115903,rs1661184,SNP,rs1661184,CAUSALdb2,115903,D000544,Disease,Alzheimer Disease,CAUSALdb2,19,45041818,0.19447,T,0.232794,5.37403e-33,0.0031924637692564,0.1075656663782978,0.0658163853346813,rs73942917
SNP,increases_risk_of,54591,rs440277,SNP,rs440277,CAUSALdb2,54591,D000544,Disease,Alzheimer Disease,CAUSALdb2,19,45361224,,A,-0.1599,1.485e-11,0.2505008631508884,0.0360942451544892,0.1218568923530488,rs7412
SNP,increases_risk_of,110657,rs12611102,SNP,rs12611102,CAUSALdb2,110657,D000544,Disease,Alzheimer Disease,CAUSALdb2,19,44491861,0.0337911,A,0.486949,7.14003e-35,0.0001204602928607,0.113820999878203,0.0683407840440661,rs74260441
SNP,increases_risk_of,122109,rs7245887,SNP,rs7245887,CAUSALdb2,122109,D000544,Disease,Alzheimer Disease,CAUSALdb2,19,45520959,0.0221,T,0.3563,6.795000000000001e-32,0.0009080914285751,0.1038927017964383,0.062698857649293,rs74359223
SNP,increases_risk_of,21745,rs74504435,SNP,rs74504435,CAUSALdb2,21745,D000544,Disease,Alzheimer Disease,CAUSALdb2,7,54949256,0.0935,A,0.0842,2.046e-09,0.5387478571428571,0.0289636479020795,0.2328773315983905,rs74504435
SNP,increases_risk_of,21182,rs74745468,SNP,rs74745468,CAUSALdb2,21182,D000544,Disease,Alzheimer Disease,CAUSALdb2,14,39887676,0.0875,A,0.0822,1.396e-08,0.5523207285714286,0.0261837152723761,0.2366385205919971,rs74745468
SNP,increases_risk_of,366424,rs8102895,SNP,rs8102895,CAUSALdb2,366424,D000544,Disease,Alzheimer Disease,CAUSALdb2,19,45458463,,A,0.5795,5.866e-14,7.689871931661904e-06,0.0441055264711848,0.0264663918314836,rs75463276
SNP,increases_risk_of,13546,rs76320948,SNP,rs76320948,CAUSALdb2,13546,D000544,Disease,Alzheimer Disease,CAUSALdb2,19,46241841,0.0307669,T,0.0338938,4.64267e-08,0.7064247142857143,0.0244441072826551,0.2972363500838788,rs76320948
SNP,increases_risk_of,70415,rs181211209,SNP,rs181211209,CAUSALdb2,70415,D000544,Disease,Alzheimer Disease,CAUSALdb2,19,44729707,0.0315861,T,0.553758,3.70851e-43,0.0350720296145714,0.141436001818584,0.0988904129369789,rs76396605
SNP,increases_risk_of,5219,rs76726049,SNP,rs76726049,CAUSALdb2,5219,D000544,Disease,Alzheimer Disease,CAUSALdb2,18,56189459,0.0111949,C,0.0554352,3.30474e-08,0.9867397142857142,0.0249362090096585,0.4096576111200808,rs76726049
SNP,increases_risk_of,49622,rs769452,SNP,rs769452,CAUSALdb2,49622,D000544,Disease,Alzheimer Disease,CAUSALdb2,19,45411110,0.0037,T,-0.7199,7.494e-18,0.2441831986828571,0.0570842877041407,0.1319238520956273,rs769452
SNP,increases_risk_of,110109,rs3935067,SNP,rs3935067,CAUSALdb2,110109,D000544,Disease,Alzheimer Disease,CAUSALdb2,7,143104331,,C,0.0531,9.777e-10,0.1265649342857142,0.0300326479493839,0.0686455624839161,rs7810606
SNP,increases_risk_of,49437,rs7912495,SNP,rs7912495,CAUSALdb2,49437,D000544,Disease,Alzheimer Disease,CAUSALdb2,10,11718713,0.4619,A,-0.0572,2.866e-12,0.2732656366523809,0.0384757460464622,0.1323917022888297,rs7912495
SNP,increases_risk_of,466856,rs74347557,SNP,rs74347557,CAUSALdb2,466856,D000544,Disease,Alzheimer Disease,CAUSALdb2,10,11714507,,T,0.048,2.106e-08,0.0172886095214285,0.0255884721105017,0.0222685270748724,rs7920721
SNP,increases_risk_of,57393,rs7982,SNP,rs7982,CAUSALdb2,57393,D000544,Disease,Alzheimer Disease,CAUSALdb2,8,27462481,,A,-0.14,2.477e-17,0.2089570428571428,0.0553535799780472,0.1167949651296854,rs7982
SNP,increases_risk_of,20502,rs8093731,SNP,rs8093731,CAUSALdb2,20502,D000544,Disease,Alzheimer Disease,CAUSALdb2,18,29088958,,T,-0.6136,4.63e-08,0.5639663699999999,0.0244480633632734,0.2402553860179641,rs8093731
SNP,increases_risk_of,142396,rs10409954,SNP,rs10409954,CAUSALdb2,142396,D000544,Disease,Alzheimer Disease,CAUSALdb2,19,44689764,0.032273,T,0.558198,2.18726e-27,0.0032165505550155,0.0888669986307618,0.0546068194004633,rs8100565
SNP,increases_risk_of,313284,rs7251911,SNP,rs7251911,CAUSALdb2,313284,D000544,Disease,Alzheimer Disease,CAUSALdb2,19,45582402,0.10299,G,0.470359,4.255e-15,0.0015875535483234,0.0479036681185979,0.0293772222904881,rs8111560
SNP,increases_risk_of,182015,rs889555,SNP,rs889555,CAUSALdb2,182015,D000544,Disease,Alzheimer Disease,CAUSALdb2,16,31122571,,T,-0.0464,3.234e-08,0.0728046,0.024967533281432,0.0441023599688592,rs889555
SNP,increases_risk_of,90721,rs9270887,SNP,rs9270887,CAUSALdb2,90721,D000544,Disease,Alzheimer Disease,CAUSALdb2,6,32571789,,C,0.1098,3.6e-08,0.1648546028571428,0.0248123249974423,0.0808292361413225,rs9270885
SNP,increases_risk_of,481454,rs9275152,SNP,rs9275152,CAUSALdb2,481454,D000544,Disease,Alzheimer Disease,CAUSALdb2,6,32652196,,C,-0.1524,2.176e-10,0.0062958164341428,0.0322078036965795,0.0218430087916048,rs9271192
SNP,increases_risk_of,243721,rs9271174,SNP,rs9271174,CAUSALdb2,243721,D000544,Disease,Alzheimer Disease,CAUSALdb2,6,32578040,,C,0.1053,2.115e-08,0.0502686419047619,0.0255822987609631,0.0354568360184826,rs9272561
SNP,increases_risk_of,24577,rs9275611,SNP,rs9275611,CAUSALdb2,24577,D000544,Disease,Alzheimer Disease,CAUSALdb2,6,32683763,0.1106,A,-0.0838,2.255e-10,0.5033464285714285,0.0321561781792867,0.2206322783361434,rs9275611
SNP,increases_risk_of,118220,rs4715019,SNP,rs4715019,CAUSALdb2,118220,D000544,Disease,Alzheimer Disease,CAUSALdb2,6,47447041,,A,0.0938,4.82e-08,0.1251948832142857,0.0243898432058705,0.0647118592092365,rs9381563
SNP,increases_risk_of,30570,rs987482,SNP,rs987482,CAUSALdb2,30570,D000544,Disease,Alzheimer Disease,CAUSALdb2,11,121365690,0.0437,T,-0.1178,3.176e-09,0.4257510534814285,0.0283270650208164,0.1872966604050613,rs987482
