x_id,chr,position,pvalue,beta,maf,causal_score,evidence_score,risk_score,combined_score,lead_snp,disease,is_shared
rs10098778,8,95992020,1.115e-08,0.003349999999999999,0.4901,0.00789951816357135,0.0255649816522565,0.018498796256782447,0.19018260761758746,rs2131607642,AD+T2D,True
rs112080536,6,32521594,1.5848900000000002e-18,0.45265,0.27568,-0.4284417041785714,0.042901992313545446,0.02574753110241295,0.10579143101904967,rs9272561,AD+T2D,True
rs112532723,6,32518151,1.77828e-18,0.4431,0.28075,-0.4284473387142857,0.04196770991050605,0.0251873756034465,0.10471814776978695,rs9272561,AD+T2D,True
rs114769669,6,32532149,1.4125400000000001e-18,0.3394,0.2742,-0.42826257850000005,0.04230029538183275,0.0253864246862425,0.10507105772927464,rs67433939,AD+T2D,True
rs11568822,19,45417638,1.51356e-63,0.5118541,0.23552,-0.6747121122857143,0.13260133469995064,0.07956080081997036,0.16077310719762256,rs429358,AD+T2D,True
rs12529078,6,32415762,2.67362e-13,-0.0956052,0.144734,0.000502092644262169,0.0342904973151172,0.0207751354467752,0.1930422906829297,rs72844190,AD+T2D,True
rs12529093,6,32415858,2.00678e-13,-0.09634795,0.144426,0.0006930781601472857,0.03436554983359435,0.020896561164215552,0.1931101006474226,rs72844190,AD+T2D,True
rs12721051,19,45422160,3.98107e-96,0.8135,0.18865,0.0058013662606113,0.17146914374363117,0.1052020327504232,0.3631713212795382,rs429358,AD+T2D,True
rs13193730,6,32421110,2.15427e-13,-0.0961897,0.140407,0.0007140443843856,0.03428966724816365,0.020859418102652398,0.19305436074780363,rs72844190,AD+T2D,True
rs13194556,6,32415805,2.04221e-13,-0.09635645,0.14441,0.0007146343652993976,0.03437859953460045,0.02091301346688005,0.19314129789253667,rs72844190,AD+T2D,True
rs13194925,6,32425336,2.18827e-13,-0.0961283,0.14364,0.0005381533961882095,0.03447515842131085,0.02090035641126175,0.19320539885809804,rs72844190,AD+T2D,True
rs13195258,6,32425472,2.04597e-13,-0.09624895,0.144087,0.0005535502366349357,0.0345652230753614,0.0209605539398708,0.19329505439062125,rs72844190,AD+T2D,True
rs13198439,6,32425823,2.05022e-13,-0.09626715000000001,0.144333,0.0005165542432088928,0.03449511531856555,0.02090369088842285,0.19319626467750328,rs72844190,AD+T2D,True
rs13198543,6,32425787,2.0488e-13,-0.09626770000000001,0.144333,0.0005169974838950929,0.034496981114156555,0.020904987662051948,0.19319842955972538,rs72844190,AD+T2D,True
rs13206262,6,32423991,2.05116e-13,-0.0964964,0.144133,0.0004311572419295619,0.03387635985368605,0.02049827880898345,0.19242183120335737,rs72844190,AD+T2D,True
rs13206273,6,32424013,2.02908e-13,-0.0965234,0.144071,0.0004179887160415476,0.03385233298617045,0.02047859527811885,0.19238357993945254,rs72844190,AD+T2D,True
rs13207824,6,32421129,2.14388e-13,-0.09619849999999999,0.140391,0.0007115368677182857,0.03428699806997215,0.0208568135890706,0.19304834470606827,rs72844190,AD+T2D,True
rs13210879,6,32425247,2.05211e-13,-0.0962334,0.143255,0.0005396002419707953,0.03453762826610475,0.02093841705645115,0.1932572236231884,rs72844190,AD+T2D,True
rs13218331,6,32411362,2.01604e-13,-0.09630630000000001,0.144241,0.0005327486241224333,0.034537597182441246,0.0209356577591137,0.19324781420194834,rs72844190,AD+T2D,True
rs13220531,6,32423933,2.43613e-13,-0.09603925,0.144179,0.0006892384226484524,0.0342134553345521,0.02080376856979065,0.19299736155425595,rs72844190,AD+T2D,True
rs13220667,6,32424094,2.02209e-13,-0.0963684,0.144333,0.0006661705300520238,0.0343262782256712,0.0208622351474235,0.19305442673694273,rs72844190,AD+T2D,True
rs13255935,8,95965685,3.439e-08,0.04375,0.4852,0.02239764238095235,0.02467672322769995,0.0237650908890009,0.195560955643724,rs2131607642,AD+T2D,True
rs13257021,8,95965695,2.729e-08,-0.0011999999999999997,0.4681,0.014401567619047598,0.0248135441816852,0.02064875355663015,0.1922231776014632,rs2131607642,AD+T2D,True
rs1980495,6,32346794,3.65426e-19,0.29518805,0.255297,0.0003535647908053193,0.044644719712991,0.0269282577441167,0.20043018938727125,rs6931277,AD+T2D,True
rs201885513,6,32512459,1.47911e-17,0.42645,0.2897,-0.42843400142857146,0.0405466371865141,0.02433509088333705,0.10379461348838083,rs9272561,AD+T2D,True
rs2076522,6,32371179,3.6199300000000003e-19,0.29525395,0.255051,0.0011655663607014499,0.0440621756209789,0.02690353191686795,0.20009092147239418,rs6931277,AD+T2D,True
rs2340586,8,95969261,1.837e-08,0.0036714000000000017,0.4867,0.0060625666071428,0.02570230181674865,0.0178464077329063,0.18930302671393812,rs2131607642,AD+T2D,True
rs2395155,6,32347897,3.4395400000000003e-19,0.2951943,0.255082,0.0007088018004392317,0.04525246840252105,0.0274350017616883,0.20128602304091603,rs6931277,AD+T2D,True
rs2395156,6,32348098,3.65511e-19,0.29508575,0.25542,0.0005751014079477037,0.04504393518031285,0.02725640167136675,0.2010017759907823,rs6931277,AD+T2D,True
rs2395157,6,32348145,3.4174300000000003e-19,0.2953505,0.254866,0.0004041835413614426,0.04479925742578235,0.027041227872014,0.20061198957359727,rs6931277,AD+T2D,True
rs28895095,6,32418848,2.1355e-13,-0.0950058,0.102833,0.0011118100542479713,0.03409544496244335,0.0209019909991652,0.19299097652290131,rs72844190,AD+T2D,True
rs28895100,6,32419415,2.09267e-13,-0.09629025,0.144164,0.0007477185718177381,0.0343963990889561,0.020936926882100748,0.19318562818871365,rs72844190,AD+T2D,True
rs28895116,6,32420164,2.56389e-13,-0.0958658,0.144256,0.0005926458314692476,0.03446150050521315,0.02091395863571555,0.19327002878161925,rs72844190,AD+T2D,True
rs28895133,6,32421391,3.28549e-13,-0.0956221,0.144379,0.0006744525912462071,0.0339749454452832,0.020654748303668348,0.19281501767152795,rs72844190,AD+T2D,True
rs28895134,6,32421423,2.29721e-13,-0.09616545,0.144349,0.0006764699768762643,0.03423370798638475,0.020810812782581352,0.19299473139726603,rs72844190,AD+T2D,True
rs28895135,6,32421442,2.29721e-13,-0.09616545,0.144349,0.0006766201675425357,0.03423370798638475,0.020810872858847848,0.19299479625593402,rs72844190,AD+T2D,True
rs28895136,6,32421504,2.21208e-13,-0.0962647,0.144364,0.000693353069597307,0.03428957307162645,0.020851085070814797,0.19305493211469626,rs72844190,AD+T2D,True
rs28895166,6,32422833,2.04833e-13,-0.09635640000000001,0.143856,0.0006584692329354309,0.03429330836618495,0.02083937271288515,0.19301646845665893,rs72844190,AD+T2D,True
rs28895169,6,32422920,2.20242e-13,-0.0962554,0.143794,0.0006550198834884357,0.0342311218118083,0.02080068104048035,0.19296712210111988,rs72844190,AD+T2D,True
rs28895187,6,32424380,2.03423e-13,-0.0962862,0.144333,0.0005243759584109358,0.03453264419217625,0.0209293368986701,0.19324154800849058,rs72844190,AD+T2D,True
rs28895188,6,32424574,2.10184e-13,-0.09627775,0.144195,0.0007335080651578286,0.0343931618806811,0.020929300354471797,0.19317722103664914,rs72844190,AD+T2D,True
rs28895190,6,32424895,2.03892e-13,-0.09628655,0.143071,0.0007600886839839857,0.03443350215143375,0.02096413676445385,0.1932257620933182,rs72844190,AD+T2D,True
rs28895198,6,32425044,2.04221e-13,-0.0955472,0.120219,0.0008334595785107976,0.0346503333273345,0.021123583827805048,0.19351648846566835,rs72844190,AD+T2D,True
rs2894252,6,32345443,3.4395400000000003e-19,0.29535665,0.254774,0.0004294987670833283,0.0446503876763098,0.026962032112619203,0.20044772829801033,rs6931277,AD+T2D,True
rs2894378,6,32580880,4.92266e-12,0.291482,0.337824,0.0014994237274957812,0.03195074341303935,0.019770215538821898,0.1917383240835412,rs9272561,AD+T2D,True
rs3177928,6,32412435,2.11495e-13,-0.0963004,0.144195,0.0006856022292719619,0.034300264823270754,0.02085439978567125,0.19304806514997216,rs72844190,AD+T2D,True
rs33964890,6,32583919,1.14e-15,0.267673,0.2684,0.00395470814705435,0.0468353255610557,0.02968307859545515,0.209000880362758,rs6605556,AD+T2D,True
rs34665982,6,32560306,2.63027e-36,0.54115,0.43859,-0.4273595151155559,0.07302786909569105,0.043853809696906554,0.12712570830324532,rs67433939,AD+T2D,True
rs35472547,6,32560370,1.41254e-26,0.5193,0.1634,0.03875411515248571,0.0703668003492905,0.057721726270568555,0.24146509688157775,rs6605556,AD+T2D,True
rs35525122,6,32561283,3.134e-17,0.0182,0.1634,0.04470686710098045,0.0409044496847046,0.04242541665121495,0.2237674647222349,rs6605556,AD+T2D,True
rs3763311,6,32376176,2.91608e-16,0.2666468,0.274007,0.001484752190738174,0.04097931736150195,0.02518149129319645,0.19896920032137455,rs6931277,AD+T2D,True
rs3916765,6,32685550,1.31826e-10,0.013399999999999995,0.1103,0.02137618802954305,0.031052558679967604,0.02718201041979775,0.2004877761438274,rs9275611,AD+T2D,True
rs3997854,6,32682915,4.57088e-12,0.0984,0.1168,0.0146998974130053,0.034727696861142646,0.04963644668811415,0.2130565948030933,rs9275611,AD+T2D,True
rs3997871,6,32580456,5.54881e-12,0.2905415,0.337333,0.001043763327314261,0.03171576343115855,0.01944696338962085,0.1913051534946843,rs9272561,AD+T2D,True
rs3997874,6,32580741,5.05708e-12,0.2917455,0.337676,0.0033907202615566364,0.0321985143845439,0.020675396735349003,0.1928587225310856,rs9272561,AD+T2D,True
rs429358,19,45411941,2.51189e-111,0.9764999999999999,0.15439,0.724068494552381,0.2007564522455756,0.41008126916829774,0.7082695880875445,rs429358,AD+T2D,True
rs438811,19,45416741,2.69153e-63,0.50902415,0.23553,0.1327778646938828,0.13272366814565806,0.13274534676494795,0.3644296148994648,rs429358,AD+T2D,True
rs4420638,19,45422946,3.3884400000000002e-96,0.8185,0.18912,0.0712717550046814,0.173823181568445,0.13280261094293955,0.3936880665659497,rs429358,AD+T2D,True
rs4582532,8,95969257,1.672e-08,0.0037213999999999997,0.4868,0.00629045017857135,0.025770423288753348,0.017978434044680552,0.18948247465139473,rs2131607642,AD+T2D,True
rs483082,19,45416178,2.51189e-63,0.5089849000000001,0.23547,0.1274069025714335,0.13284299851784281,0.1306685601392791,0.3623400235032199,rs429358,AD+T2D,True
rs5117,19,45418790,1.0715200000000001e-63,0.5128340499999999,0.23458,0.16132984780442805,0.13283266735168395,0.14423153953278156,0.37740484432788424,rs429358,AD+T2D,True
rs56131196,19,45422846,3.63078e-96,0.7084999999999999,0.18888,0.07128529792621195,0.17349596230781805,0.13261169655517563,0.3934425537209959,rs429358,AD+T2D,True
rs585669,6,32572113,2.85365e-11,0.14640699999999998,0.447974,0.0008946555872719,0.0299513328532188,0.01832866194684005,0.1897323905525992,rs9272561,AD+T2D,True
rs59007384,19,45396665,1.62181e-73,0.5939995499999999,0.2062,0.01768487011904165,0.14921449847302484,0.09660264713143155,0.3341441715315347,rs429358,AD+T2D,True
rs62405645,6,32517934,1.8197e-18,0.44755,0.27996,-0.42847783471428574,0.0418626315515707,0.025124225616656698,0.10459452670093979,rs9272561,AD+T2D,True
rs6605556,6,32583099,1.696e-08,-0.03725,0.1662,0.060944112879225,0.02532276199352345,0.039571302347804094,0.21241119191118946,rs6605556,AD+T2D,True
rs67141839,6,32572571,5.71742e-12,0.186507,0.337472,0.02240296001597335,0.031234182292589202,0.027701693381942852,0.1999577112944731,rs67433939,AD+T2D,True
rs67426377,6,32514457,1.34896e-17,0.43524999999999997,0.28393,0.007918703428571393,0.0409223360432478,0.027720882997377252,0.20056027422515305,rs72844190,AD+T2D,True
rs6987752,8,95966531,4.14028e-09,0.0029657499999999996,0.483,0.01422845107142855,0.026564615497390802,0.0216301497270059,0.19335553235480457,rs2131607642,AD+T2D,True
rs72492326,6,32520420,5.888440000000002e-18,0.44925000000000004,0.27608,-0.4282635450714286,0.04132545200672,0.02480132528974625,0.10442580682872435,rs9272561,AD+T2D,True
rs72844166,6,32520632,4.570880000000001e-18,0.4504,0.27606,-0.4284452598571428,0.04152112732300345,0.0249187413080878,0.10452790604836074,rs9272561,AD+T2D,True
rs72844167,6,32520642,4.570880000000001e-18,0.4504,0.27605,-0.4284452664285714,0.0415200457775852,0.024918089752265348,0.10452661353824255,rs9272561,AD+T2D,True
rs72844190,6,32521785,5.12861e-18,0.45815,0.27457,0.04473041821428571,0.042858213332421305,0.043607095285167,0.21838439228935785,rs72844190,AD+T2D,True
rs73729117,6,32519600,7.24436e-19,0.46515,0.27088,-0.4283819567857143,0.044014690447385305,0.0264147618398597,0.10684717402770198,rs9272561,AD+T2D,True
rs74217355,6,32519018,1.9952600000000004e-18,0.46045,0.26828,-0.42849080871428574,0.04216721130400325,0.02530610766811625,0.10498778867640209,rs9272561,AD+T2D,True
rs7451864,6,32578673,5.49035e-12,0.2890125,0.337517,0.003187506005703195,0.032048319174864545,0.0205039939072,0.19262181653555704,rs9272561,AD+T2D,True
rs75287767,6,32521735,1.905460000000001e-18,0.4483,0.2761,-0.4284696965,0.04209177289086195,0.025261429534517148,0.10488605184571106,rs9272561,AD+T2D,True
rs75627662,19,45413576,1.6595900000000002e-44,0.39148099999999997,0.20516,0.045029572862214255,0.08539004897328775,0.0692458585288583,0.277452483790374,rs429358,AD+T2D,True
rs76566406,6,32518913,2.51189e-19,0.47095,0.26763,0.009949619028571421,0.04398548227186195,0.0303711369745457,0.20364418685793056,rs72844190,AD+T2D,True
rs769449,19,45410002,6.60693e-91,0.87085,0.1254,0.29874897063052597,0.1644558254368077,0.21817308351429504,0.48294463740245097,rs429358,AD+T2D,True
rs7845219,8,95937502,4.545e-09,-0.0439,0.4946,0.0356391214878571,0.02684321475158885,0.0303615774460961,0.20313602150595145,rs2131607642,AD+T2D,True
rs8180659,6,32347280,3.43558e-19,0.29521905,0.255359,0.000679376929035017,0.04522121765267635,0.0274044813632198,0.20123566026938966,rs6931277,AD+T2D,True
rs8180664,6,32347490,3.4182200000000003e-19,0.29524965000000003,0.254789,0.0006276173136827137,0.04515719956667385,0.0273453666654774,0.20113518076368753,rs6931277,AD+T2D,True
rs9268400,6,32340654,4.75445e-19,0.29448864999999996,0.254527,0.0004522515279540286,0.044674632418502,0.026985680062282802,0.20060377989063016,rs6931277,AD+T2D,True
rs9268401,6,32341318,3.43242e-19,0.2953699,0.254712,0.00041902394709353926,0.04463089196312,0.02694614475670945,0.200419217621558,rs6931277,AD+T2D,True
rs9268403,6,32341473,3.42295e-19,0.2952274,0.254912,0.0006462562456518492,0.0451825014871511,0.02736800339055135,0.20117388678429515,rs6931277,AD+T2D,True
rs9268404,6,32341719,3.4395400000000003e-19,0.29512714999999995,0.254758,0.0009654502027640001,0.0454942036466309,0.0276827022690841,0.2016848832355687,rs6931277,AD+T2D,True
rs9268405,6,32342087,3.46418e-19,0.295235,0.254789,0.0006391878722968423,0.04516145363524395,0.027352547330065098,0.2011500809419286,rs6931277,AD+T2D,True
rs9268406,6,32342129,3.4395400000000003e-19,0.29520824999999995,0.254774,0.0006626999884782714,0.04519451771553515,0.02738179062471235,0.20119705305095034,rs6931277,AD+T2D,True
rs9268407,6,32342166,3.4395400000000003e-19,0.29521424999999996,0.254774,0.0006425544527639714,0.045172381755092444,0.027360450834161,0.20116197548568493,rs6931277,AD+T2D,True
rs9268409,6,32342639,3.4395400000000003e-19,0.2953207,0.254804,0.00035536123847827153,0.044696153951291,0.02695983686616585,0.20047034494062382,rs6931277,AD+T2D,True
rs9268412,6,32343018,3.4395400000000003e-19,0.29531949999999996,0.254758,0.00035625277419257153,0.0446988471665948,0.02696180940963385,0.2004739405509116,rs6931277,AD+T2D,True
rs9268415,6,32343267,3.4395400000000003e-19,0.29520349999999995,0.254727,0.0006736375165139715,0.04521066989604465,0.027395856944232348,0.20122102687756432,rs6931277,AD+T2D,True
rs9268416,6,32343384,3.4395400000000003e-19,0.2952276,0.254774,0.0006058499807997215,0.045123658846720247,0.027316535300352,0.20108805894784193,rs6931277,AD+T2D,True
rs9268417,6,32343616,3.4395400000000003e-19,0.29527529999999996,0.255313,0.0004951636236568215,0.0449674720257161,0.02717854866489235,0.20085411696608463,rs6931277,AD+T2D,True
rs9268418,6,32343686,3.57273e-19,0.29510005,0.255297,0.0005608699004117894,0.04503909566542415,0.027247805359419203,0.20098161060696912,rs6931277,AD+T2D,True
rs9268420,6,32343796,3.30522e-19,0.29539760000000004,0.254727,0.0004933432888871499,0.044986304060871105,0.0271891197520775,0.20086134850674514,rs6931277,AD+T2D,True
rs9268421,6,32343869,3.4395400000000003e-19,0.29534994999999997,0.252864,0.0003942860879425715,0.044589139786163495,0.0269111983068751,0.2003595201562374,rs6931277,AD+T2D,True
rs9268422,6,32343873,3.4395400000000003e-19,0.29533119999999996,0.252864,0.00034170212365682153,0.044665541845119394,0.02693600595653435,0.2004279562987304,rs6931277,AD+T2D,True
rs9268423,6,32343882,3.4395400000000003e-19,0.29532909999999996,0.252864,0.0003412227665139715,0.044664042434544846,0.02693491456733245,0.20042596181642616,rs6931277,AD+T2D,True
rs9268424,6,32343985,3.77485e-19,0.2949563,0.254835,0.00048753802127696574,0.044881968356120946,0.0271241962221833,0.20078259301599793,rs6931277,AD+T2D,True
rs9268425,6,32344376,3.4395400000000003e-19,0.29523059999999995,0.254774,0.0005972435236085827,0.045112684765012595,0.02730650826845095,0.20107126412873846,rs6931277,AD+T2D,True
rs9268426,6,32344731,3.4395400000000003e-19,0.29529605,0.254774,0.0004447940771800396,0.0448734056362394,0.027101961012615597,0.20072024376097897,rs6931277,AD+T2D,True
rs9268427,6,32344808,3.4395400000000003e-19,0.29520494999999997,0.254789,0.0006717980343711285,0.04520763533795815,0.0273933004165233,0.2012166156773828,rs6931277,AD+T2D,True
rs9268428,6,32344973,3.40173e-19,0.2951526,0.254804,0.0010025172408911571,0.045534470949753755,0.02772168946620875,0.20174487018334358,rs6931277,AD+T2D,True
rs9268431,6,32345514,3.4395400000000003e-19,0.295218,0.254789,0.0006289001950750533,0.045156011467992,0.027345166958825197,0.2011365706506297,rs6931277,AD+T2D,True
rs9268432,6,32345667,3.4395400000000003e-19,0.2952544,0.254804,0.0005341601950820675,0.045022548943407695,0.027227193444077452,0.20093659785328577,rs6931277,AD+T2D,True
rs9268436,6,32346637,3.4395400000000003e-19,0.29524225,0.255313,0.0005734250077199502,0.04508432629947595,0.027279965782773502,0.2010271838473821,rs6931277,AD+T2D,True
rs9268439,6,32346701,3.4395400000000003e-19,0.29520985,0.255297,0.0006638724807963674,0.045202469711514995,0.027387030819227554,0.2012070402471507,rs6931277,AD+T2D,True
rs9268446,6,32347749,3.4395400000000003e-19,0.2952674,0.254851,0.0005048971575820816,0.0449760678451335,0.0271875995701129,0.20086856177888202,rs6931277,AD+T2D,True
rs9268447,6,32347831,3.4395400000000003e-19,0.29528135,0.255374,0.0004804583361534817,0.04494278879956455,0.0271578566142001,0.20081834691477915,rs6931277,AD+T2D,True
rs9268448,6,32348463,3.3892200000000003e-19,0.29523555,0.254296,0.0007454354668420115,0.045320152808421096,0.027490265871789397,0.2013771766448146,rs6931277,AD+T2D,True
rs9268449,6,32348467,3.4395400000000003e-19,0.29515675,0.254004,0.0007633325504392317,0.0453246822677897,0.0275001423808495,0.20139563319004686,rs6931277,AD+T2D,True
rs9268450,6,32348690,3.44271e-19,0.29521875,0.254835,0.0006218669765394138,0.0451444111729672,0.0273353934943961,0.20112004107235903,rs6931277,AD+T2D,True
rs9268452,6,32349494,3.4395400000000003e-19,0.29524965,0.255374,0.000554997157582089,0.04505970614309915,0.02725782254889225,0.2009898845206462,rs6931277,AD+T2D,True
rs9268453,6,32349571,3.4395400000000003e-19,0.29524545,0.255374,0.000566339336153489,0.04507515378334575,0.0272716280044688,0.20101319267210838,rs6931277,AD+T2D,True
rs9268454,6,32349711,3.434e-19,0.2952575,0.255405,0.0005720466426747035,0.0450882732800321,0.02728178262508915,0.20103071173844123,rs6931277,AD+T2D,True
rs9268456,6,32349946,3.39469e-19,0.29530789999999996,0.25539,0.0005568230343734295,0.04507252617127515,0.02726624491651445,0.2010012023143854,rs6931277,AD+T2D,True
rs9268457,6,32350036,3.4395400000000003e-19,0.29528404999999996,0.25539,0.0004741289254391962,0.04493235377215875,0.0271490638334709,0.2008031762948627,rs6931277,AD+T2D,True
rs9268459,6,32350776,3.44588e-19,0.2952569,0.25539,0.0005246856081104217,0.04501216524121295,0.027217173387971902,0.20092080022260814,rs6931277,AD+T2D,True
rs9268461,6,32351901,3.53265e-19,0.29515895000000003,0.254835,0.000546237697703553,0.04502235402960025,0.0272319074968416,0.2009512522579974,rs6931277,AD+T2D,True
rs9268462,6,32351991,3.37598e-19,0.29528635000000003,0.254851,0.0005336601747049028,0.0450359907047918,0.027235058492757,0.2009456477464331,rs6931277,AD+T2D,True
rs9268474,6,32357165,3.63999e-19,0.29491855,0.254727,0.00230921298224715,0.04534169705876155,0.0281287034281558,0.2021163280610042,rs6931277,AD+T2D,True
rs9268475,6,32358231,3.0839000000000005e-19,0.29583424999999997,0.254743,0.0005831925702650189,0.04517315238027795,0.0273371684562728,0.20109774422982613,rs6931277,AD+T2D,True
rs9268492,6,32375280,2.01697e-15,0.25742420000000005,0.287527,0.0002656444999999746,0.03797652797747865,0.022892174586487152,0.19556426977274208,rs6931277,AD+T2D,True
rs9268499,6,32375695,4.16773e-16,0.2656974,0.283385,0.00024230420977966515,0.03903063717925135,0.02351530399146265,0.19623960055667636,rs6931277,AD+T2D,True
rs9268516,6,32379489,4.18312e-19,0.2946676,0.255035,0.0002358651483330021,0.0440359915256422,0.026515940974718502,0.19970262092921937,rs6931277,AD+T2D,True
rs9269568,6,32544577,1.02329e-17,0.33309999999999995,0.27671,-0.42827381007142834,0.04075679088092725,0.0244605959285564,0.10394608234159054,rs67433939,AD+T2D,True
rs9269817,6,32549746,1.09648e-17,0.4427,0.27927,-0.4284008975,0.041221044738728396,0.02473889298609415,0.10449697877115634,rs9272561,AD+T2D,True
rs9269819,6,32549782,1.23027e-17,0.43905,0.27968,-0.428389877,0.0413633018255576,0.02482447629533455,0.10471085235766175,rs9272561,AD+T2D,True
rs9269827,6,32549866,1.41254e-17,0.4414,0.27773,-0.4284047142857143,0.04103728265917805,0.02462862388122105,0.10436883573204357,rs9272561,AD+T2D,True
rs9269829,6,32549915,1.7378e-17,0.44205,0.27622,-0.42841477467857136,0.04077515549417985,0.02447165171079365,0.10412938048719927,rs9272561,AD+T2D,True
rs9269853,6,32550322,1.9498399999999997e-21,0.46475,0.4582,-0.642723017297619,0.0471413216222997,0.0282847929733798,0.062220880377408305,rs9272561,AD+T2D,True
rs9269854,6,32550331,1.99526e-17,0.4411,0.27595,-0.4284793472499999,0.04037509361402935,0.02423157819698905,0.10368840094370413,rs9272561,AD+T2D,True
rs9269874,6,32550828,1.28825e-18,0.44745,0.28204,-0.4284314186785713,0.04251631434525875,0.0255165319928695,0.10525890027528514,rs9272561,AD+T2D,True
rs9269913,6,32551406,8.128310000000001e-18,0.43155,0.27841,-0.42832858935714285,0.04076273949207995,0.02446379052381935,0.10385762365440525,rs67433939,AD+T2D,True
rs9270206,6,32556367,1.31826e-17,0.33235,0.27279,-0.428239060392857,0.04098550444156885,0.0245976519363699,0.10431804733235886,rs67433939,AD+T2D,True
rs9270599,6,32561656,2.27353e-17,0.2204755,0.428615,0.0033096353754148503,0.040346820345862,0.025531946357683147,0.19807719177873576,rs67433939,AD+T2D,True
rs9270801,6,32569387,8.511380000000001e-18,0.43889999999999996,0.27618,-0.42839842685714274,0.040691916548219,0.0244216751860743,0.10377492853553354,rs9272561,AD+T2D,True
rs9270802,6,32569392,8.511380000000001e-18,0.43879999999999997,0.27618,-0.4284031932857142,0.0406426725684563,0.024392128798216648,0.10371517681931007,rs9272561,AD+T2D,True
rs9270804,6,32569422,8.511380000000001e-18,0.43884999999999996,0.27618,-0.42845391532142846,0.0406943242147138,0.02442311978597115,0.10376576207535057,rs9272561,AD+T2D,True
rs9270805,6,32569556,6.16737e-12,0.288981,0.337328,0.0013862395247941505,0.0313855340332984,0.0193858162298967,0.1910973076620342,rs9272561,AD+T2D,True
rs9270808,6,32569607,6.46249e-12,0.2898035,0.337675,0.0015787945973013274,0.0316668496703692,0.019631627641142048,0.19153267223142453,rs9272561,AD+T2D,True
rs9270809,6,32569608,6.48634e-12,0.28978899999999996,0.337663,0.0015636755687150846,0.03166511967753715,0.019624542034008298,0.19152542774069037,rs9272561,AD+T2D,True
rs9270810,6,32569659,7.84332e-12,0.2888575,0.337892,0.0033137709313162574,0.0317325784758542,0.02036505545803905,0.19242905699074006,rs9272561,AD+T2D,True
rs9270816,6,32569879,6.16595e-12,0.28940150000000003,0.337876,0.0021355856980092625,0.0318129735383971,0.01994201840224195,0.19192987869201455,rs9272561,AD+T2D,True
rs9270817,6,32569911,6.28927e-12,0.289117,0.337801,0.002908072520491431,0.03175878620802945,0.0202185007330142,0.1922054052127526,rs9272561,AD+T2D,True
rs9270819,6,32569972,6.25173e-12,0.288746,0.337527,0.01973835806054285,0.03163287628713905,0.02687506899650055,0.19930953297552512,rs9270885,AD+T2D,True
rs9270822,6,32570025,5.79429e-12,0.2890635,0.33791,-0.7139481576666666,0.0315982207359611,0.018958932441576648,0.03623982159945567,rs9272561,AD+T2D,True
rs9270823,6,32570051,6.3944e-12,0.287809,0.33762,0.001142389096052093,0.03126074939536295,0.019213405275638598,0.19085651436325862,rs9272561,AD+T2D,True
rs9270824,6,32570055,6.3944e-12,0.287809,0.33762,0.0014259310043316135,0.03125863911941775,0.019325555873383297,0.19097624081958428,rs9272561,AD+T2D,True
rs9270827,6,32570132,6.0562e-12,0.288634,0.337488,0.0024680697797374554,0.03154516257973105,0.019914325459733602,0.1917473361396454,rs9272561,AD+T2D,True
rs9270831,6,32570221,6.05899e-12,0.2874825,0.337488,0.0013150757886196073,0.031131082003775852,0.01920467951771335,0.19075680377419735,rs9272561,AD+T2D,True
rs9270832,6,32570228,6.05899e-12,0.2874825,0.337487,0.0011829851636197578,0.031132758008314,0.0191528488704363,0.19070186931476021,rs9272561,AD+T2D,True
rs9270833,6,32570238,6.26037e-12,0.2873425,0.337593,0.0014845314054743868,0.031110351286902954,0.01926002333433155,0.19081697479258725,rs9272561,AD+T2D,True
rs9270835,6,32570281,6.04227e-12,0.2890455,0.337486,0.0022515013955168423,0.0318061120345328,0.019984267778926403,0.19196430941504944,rs9272561,AD+T2D,True
rs9270836,6,32570325,5.94429e-12,0.289068,0.337523,0.002039696289936312,0.0317908836014268,0.019890408676830548,0.1918489353783954,rs9272561,AD+T2D,True
rs9270838,6,32570353,5.86408e-12,0.28946299999999997,0.337755,0.0021354274646746265,0.03198863325261165,0.0200473509374368,0.19212105459369255,rs9272561,AD+T2D,True
rs9270839,6,32570375,6.04088e-12,0.289951,0.337471,0.003687863485707541,0.0323303977610858,0.0208733840509345,0.1932084672028514,rs9272561,AD+T2D,True
rs9270840,6,32570377,6.06457e-12,0.2897365,0.337459,0.003437745850025301,0.03225477821954275,0.0207279652717358,0.19301191436933662,rs9272561,AD+T2D,True
rs9270841,6,32570418,6.03671e-12,0.2891995,0.337487,0.002607236199319836,0.0322071245158958,0.0203671691892654,0.1925954637369932,rs9272561,AD+T2D,True
rs9270842,6,32570461,1.14815e-17,0.436,0.27539,0.002390987928571498,0.04143893487696655,0.02581975609760855,0.19873530474705625,rs9272561,AD+T2D,True
rs9270843,6,32570478,5.19517e-12,0.289549,0.339646,0.003379413813401758,0.03201051014363155,0.0205580716115396,0.1926393788470792,rs9272561,AD+T2D,True
rs9270844,6,32570550,6.01312e-12,0.287469,0.337484,0.0018614443448329739,0.0313454418865525,0.0195518428698647,0.19124514042787596,rs9272561,AD+T2D,True
rs9270845,6,32570571,6.0062e-12,0.287524,0.337486,0.001325756190285486,0.03135300865160045,0.01934210766707445,0.1910228579183854,rs9272561,AD+T2D,True
rs9270846,6,32570577,6.0062e-12,0.287024,0.337486,0.0012036569224283633,0.03115328309331685,0.019173432624961448,0.1907320812282269,rs9272561,AD+T2D,True
rs9270847,6,32570602,6.0062e-12,0.287974,0.337486,0.0022681766277996298,0.0315857008895196,0.0198586911848316,0.19170651182445914,rs9272561,AD+T2D,True
rs9270848,6,32570609,6.0062e-12,0.287974,0.337486,0.0026835043004328975,0.0315876471776955,0.020025990026790452,0.191887844755798,rs9272561,AD+T2D,True
rs9270849,6,32570649,1.04713e-17,0.43489999999999995,0.27567,0.0016795306785714742,0.040871710640285955,0.02519483865560015,0.19771892572187671,rs9272561,AD+T2D,True
rs9270850,6,32570717,5.99101e-12,0.288336,0.337484,0.004204160677955762,0.032015402150358654,0.0208909055613975,0.19305239833362897,rs9272561,AD+T2D,True
rs9270851,6,32570776,5.98687e-12,0.28838949999999997,0.337485,0.002532677073936764,0.03210166588818455,0.0202740703624854,0.19243457397656272,rs9272561,AD+T2D,True
rs9270852,6,32570797,5.98687e-12,0.2879895,0.337485,0.003837696972756194,0.0319769521279004,0.0207212500658427,0.1928483497005456,rs9272561,AD+T2D,True
rs9270853,6,32570800,5.98687e-12,0.2875895,0.337485,0.00259644060073248,0.031792904168456745,0.02011431874136705,0.1920938952603306,rs9272561,AD+T2D,True
rs9270854,6,32570809,5.98687e-12,0.2876895,0.337485,0.0038376734876272964,0.03181810146148665,0.020625930271942948,0.1926589288947499,rs9272561,AD+T2D,True
rs9270856,6,32570839,5.97448e-12,0.286727,0.33755,0.0021057673696627754,0.0316164624160939,0.01981218439752145,0.1916712711990483,rs9272561,AD+T2D,True
rs9270857,6,32570849,5.99377e-12,0.28701,0.337541,0.002093624155145787,0.0316017284292289,0.01979848671959565,0.19164963758424092,rs9272561,AD+T2D,True
rs9270858,6,32570859,5.95388e-12,0.2870165,0.337485,0.002059050475718354,0.03160656175663485,0.01978755724426825,0.191638077561577,rs9272561,AD+T2D,True
rs9270859,6,32570894,5.96074e-12,0.2874605,0.337483,0.002968122939762332,0.03160335246139345,0.02014926065274095,0.19202649190842191,rs9272561,AD+T2D,True
rs9270864,6,32571001,5.92925e-12,0.2885855,0.337482,0.004365334984342429,0.03180145367010645,0.02082700619580085,0.19286300151114566,rs9272561,AD+T2D,True
rs9270865,6,32571011,5.53605e-12,0.288979,0.337802,0.0024379234113357986,0.03184905481386305,0.02008460225285215,0.1920641590963575,rs9272561,AD+T2D,True
rs9270866,6,32571043,3.63915e-12,0.29146099999999997,0.339908,0.0028379374316520995,0.03215272155886705,0.02042680790798105,0.19244658098706316,rs9272561,AD+T2D,True
rs9270873,6,32571201,1.34772e-11,0.28486900000000004,0.338252,0.001983706359089001,0.031187735734433952,0.01950612398429595,0.19140230318728146,rs9272561,AD+T2D,True
rs9270874,6,32571227,5.21315e-12,0.2894635,0.337831,0.0032616521460001715,0.0318935862752298,0.02044081262353795,0.19245050751765086,rs9272561,AD+T2D,True
rs9270885,6,32571771,5.25291e-12,0.2916155,0.3384,0.0161966281888025,0.03210497415416635,0.02574163576802085,0.19828240571437833,rs9270885,AD+T2D,True
rs9270887,6,32571789,9.54993e-19,0.4436,0.27912,0.08244374957190033,0.042439495518284895,0.058441197139731046,0.2335308484977933,rs9270885,AD+T2D,True
rs9270902,6,32571962,1.09119e-11,0.2868215,0.34011,0.0010531561799247188,0.0305601122914137,0.01875732984681805,0.19017629804905778,rs9272561,AD+T2D,True
rs9270904,6,32572060,5.12271e-12,0.2913635,0.337855,0.0030981676143310745,0.031568380716518504,0.02018029547564355,0.19198593051136464,rs9272561,AD+T2D,True
rs9270905,6,32572076,5.87354e-12,0.2908285,0.337362,0.001485812775749863,0.03144456119108675,0.019461061824952,0.19119291101374186,rs9272561,AD+T2D,True
rs9270906,6,32572079,5.87354e-12,0.2914785,0.337362,0.0014904724533196575,0.0317690427253483,0.01965761461653685,0.19158182564330284,rs9272561,AD+T2D,True
rs9270907,6,32572082,5.87354e-12,0.291528,0.337362,0.0020365240500096666,0.031764648501243054,0.0198733987207497,0.1918119707660577,rs9272561,AD+T2D,True
rs9270908,6,32572148,5.06291e-12,0.29179900000000003,0.339809,0.0022829844005934114,0.0317559259222342,0.01996674931357785,0.19185394419830548,rs9272561,AD+T2D,True
rs9270912,6,32572224,5.77564e-12,0.292914,0.337491,0.012009963856667635,0.0324013102572409,0.02424477169701155,0.19686376577316722,rs9272561,AD+T2D,True
rs9270913,6,32572229,5.77564e-12,0.2929135,0.337491,0.01225039423699022,0.03240246468194575,0.0243416365039635,0.19696877209739233,rs9272561,AD+T2D,True
rs9270914,6,32572249,5.77564e-12,0.2927135,0.337491,0.012147934103043033,0.03231363773783205,0.024247356283916402,0.19681869232641863,rs9272561,AD+T2D,True
rs9270922,6,32572388,5.64807e-12,0.2916725,0.337522,0.010767483326335436,0.03166402083606555,0.023305405832173498,0.19544098802203042,rs9272561,AD+T2D,True
rs9270927,6,32572451,5.66631e-12,0.291636,0.337599,0.021938053199684702,0.031668645002321846,0.02777640828126695,0.20026260696109505,rs9272561,AD+T2D,True
rs9270931,6,32572547,5.71742e-12,0.2918075,0.337473,0.012526526052050601,0.0317347614001111,0.0240514672608869,0.19628800980428207,rs9272561,AD+T2D,True
rs9270934,6,32572695,5.78362e-12,0.2907055,0.337626,0.0016334927908134404,0.03112644080970625,0.019329261602149102,0.1908716570812245,rs9272561,AD+T2D,True
rs9270935,6,32572701,5.72005e-12,0.2907045,0.337471,0.0016336464237150516,0.031132656646468852,0.0193330525573673,0.19087513038868043,rs9272561,AD+T2D,True
rs9270937,6,32572757,5.68853e-12,0.29193050000000004,0.337471,0.0020772947500785526,0.03164593563390405,0.01981847928037385,0.19167637227226725,rs9272561,AD+T2D,True
rs9270939,6,32572806,5.68984e-12,0.29203,0.337471,0.0020595747211774747,0.0316839711040184,0.019834212550882,0.191714163359024,rs9272561,AD+T2D,True
rs9270961,6,32573289,5.58727e-12,0.187165,0.337469,0.0023152076082290757,0.03096109276811755,0.01950273870416215,0.19095580455492359,rs67433939,AD+T2D,True
rs9270962,6,32573434,6.75461e-12,0.29054399999999997,0.337546,0.0017248027069842185,0.0314818983905125,0.0195790601171012,0.1913910988869895,rs9272561,AD+T2D,True
rs9270967,6,32573543,5.61048e-12,0.2916115,0.337444,0.001613268930153363,0.031752989170476004,0.01969710107434695,0.19159900470102692,rs9272561,AD+T2D,True
rs9270968,6,32573554,5.58985e-12,0.29173,0.337444,0.0013970502694390702,0.0317965977555126,0.01963677876108315,0.19155647465344172,rs9272561,AD+T2D,True
rs9270969,6,32573560,5.54115e-12,0.2917045,0.337467,0.0022333028428597,0.0317866543463886,0.01996531374497705,0.19190188225765614,rs9272561,AD+T2D,True
rs9270970,6,32573574,5.54243e-12,0.2906535,0.337467,0.0009772675098481361,0.03132541948596275,0.019186158695516847,0.19081062852390845,rs9272561,AD+T2D,True
rs9271011,6,32574676,1.04713e-17,0.4295,0.27569,0.002997614964285776,0.040729453358389,0.0256367180007477,0.19811741364212943,rs67433939,AD+T2D,True
rs9271013,6,32574703,7.58578e-19,0.4441,0.28391,-0.42837189560714267,0.0428403200484396,0.0257109267862067,0.10546618829160243,rs9272561,AD+T2D,True
rs9271020,6,32574840,9.549930000000001e-18,0.43770000000000003,0.27587,0.006497098440476241,0.04080363452777495,0.02708102009285545,0.19968080807926666,rs9270885,AD+T2D,True
rs9271049,6,32575265,8.28133e-12,0.2883385,0.338104,0.002643783963775285,0.03173155139260265,0.020096444421071648,0.19215872147189683,rs9272561,AD+T2D,True
rs9271050,6,32575275,7.17133e-12,0.289057,0.337898,0.0028811565831179187,0.031911325841393445,0.020299258138083198,0.19242322214763108,rs9272561,AD+T2D,True
rs9271051,6,32575290,5.65588e-12,0.2898235,0.337614,0.002173995118844234,0.03192463194798905,0.020024377216331102,0.19204826299220662,rs9272561,AD+T2D,True
rs9271052,6,32575309,5.52077e-12,0.2899425,0.337594,0.0024193356572342153,0.031942717743222354,0.02013336490882705,0.19216681190681328,rs9272561,AD+T2D,True
rs9271053,6,32575319,5.44252e-12,0.1865885,0.337476,0.002966492474448681,0.031290168268815,0.01996069795106845,0.19161938533107326,rs67433939,AD+T2D,True
rs9271058,6,32575406,5.47142e-12,0.288863,0.337464,0.011481057524633416,0.03158181353365155,0.023541511130044303,0.19563895502527484,rs9272561,AD+T2D,True
rs9271060,6,32575513,5.34934e-12,0.2889945,0.337455,0.0038440899915868367,0.03159288242057055,0.02049336544897705,0.19235233376866023,rs9272561,AD+T2D,True
rs9271063,6,32575584,5.18084e-12,0.2902765,0.337128,0.0017982041073288533,0.0316927002386447,0.01973490178611835,0.19157794556687563,rs9272561,AD+T2D,True
rs9271064,6,32575601,5.52205e-12,0.2896975,0.337614,0.0132982642888986,0.03164925958560235,0.02430886146692085,0.19650821910307165,rs9270885,AD+T2D,True
rs9271066,6,32575631,4.1115e-12,0.294496,0.335058,0.001766550807981871,0.031893446581284346,0.019842688271963352,0.1917198070495772,rs9272561,AD+T2D,True
rs9271068,6,32575674,4.08413e-12,0.291806,0.338525,0.0017186828995550119,0.03190482423077985,0.0198303676982899,0.19171036791847834,rs9272561,AD+T2D,True
rs9271073,6,32575803,6.6512e-12,0.2879045,0.337601,0.002062336060143045,0.031543653821895,0.01975112671719415,0.19160462251486587,rs9272561,AD+T2D,True
rs9271074,6,32575849,5.34195e-12,0.287605,0.33759,0.0059246753323544,0.03105104634669045,0.021000497940956,0.19263198051483546,rs72844190,AD+T2D,True
rs9271075,6,32575852,5.34195e-12,0.287605,0.33759,0.0011817991116434435,0.031068601551636897,0.0191138805756395,0.19057920484674104,rs9272561,AD+T2D,True
rs9271076,6,32575873,5.33335e-12,0.287614,0.337594,0.0025279020717268357,0.03106892208656195,0.01965251408062785,0.19115918708184265,rs9272561,AD+T2D,True
rs9271078,6,32575930,5.47142e-12,0.2886625,0.337464,0.002408015147087349,0.031640102689001595,0.0199472676722359,0.19179784433212077,rs9272561,AD+T2D,True
rs9271079,6,32576052,5.44628e-12,0.2887855,0.337478,0.001859096535219484,0.03178601903706125,0.01981525003632455,0.19173357581039416,rs9272561,AD+T2D,True
rs9271081,6,32576083,5.12035e-12,0.2889235,0.337659,0.002291752567450657,0.031717714939924,0.019947329990934702,0.1918163309293144,rs9272561,AD+T2D,True
rs9271083,6,32576102,5.10035e-12,0.2884385,0.33766,0.002100456629738367,0.0316687554311159,0.01984143591056485,0.19167400873367002,rs9272561,AD+T2D,True
rs9271086,6,32576165,5.65588e-12,0.288511,0.337666,0.002008888665225236,0.031588756828899,0.0197568095634295,0.19157660975480545,rs9272561,AD+T2D,True
rs9271087,6,32576170,5.30396e-12,0.28890699999999997,0.337596,0.005000991345796155,0.0317289227611819,0.02103775019502755,0.19301009604244182,rs9272561,AD+T2D,True
rs9271088,6,32576175,5.30396e-12,0.287957,0.337596,0.0011718283904389988,0.0312265787804808,0.0192046786244641,0.19076068596688395,rs9272561,AD+T2D,True
rs9271089,6,32576177,5.30396e-12,0.287957,0.337596,0.0014166124648437497,0.0312265787804808,0.019302592254226,0.1908661912287557,rs9272561,AD+T2D,True
rs9271090,6,32576247,6.22014e-12,0.2872985,0.337632,0.002346336222921482,0.0315276848129327,0.01985514537692815,0.19168372181472293,rs9272561,AD+T2D,True
rs9271092,6,32576296,5.63508e-12,0.28778950000000003,0.337353,0.0016149452283736958,0.0316092875818808,0.01961155064047795,0.19142997547492982,rs9272561,AD+T2D,True
rs9271094,6,32576347,5.4325e-12,0.288101,0.337469,0.0020656788989368517,0.031404564690323,0.01966901037376855,0.19136686110319945,rs9272561,AD+T2D,True
rs9271096,6,32576426,4.91247e-12,0.2890125,0.337766,0.001999643630690663,0.03182089031086435,0.019892391638794853,0.19179834648707642,rs9272561,AD+T2D,True
rs9271097,6,32576439,4.91247e-12,0.2892625,0.337766,0.0011385407705716173,0.0317561148757651,0.0195090852336877,0.1913499606501909,rs9272561,AD+T2D,True
rs9271098,6,32576440,4.91247e-12,0.2898125,0.337766,0.0025886917616430457,0.031936070696293756,0.0201971191224335,0.1921895721590626,rs9272561,AD+T2D,True
rs9271100,6,32576478,5.05126e-12,0.2882385,0.337735,0.000987928734208838,0.03120582748934975,0.0191186679872934,0.19063897972609603,rs9272561,AD+T2D,True
rs9271101,6,32576493,4.73478e-12,0.287588,0.337799,0.0012859328474408291,0.03161669273597975,0.01948438878056415,0.19123387997021715,rs9272561,AD+T2D,True
rs9271104,6,32576561,5.47772e-12,0.287934,0.337578,0.0012410808819713545,0.0316469455615615,0.01948459968972545,0.19130345857293476,rs9272561,AD+T2D,True
rs9271105,6,32576577,5.52332e-12,0.2882105,0.337764,0.0014784091478910388,0.03167937307767505,0.019598987505761452,0.19144742068516707,rs9272561,AD+T2D,True
rs9271106,6,32576595,5.51823e-12,0.2866785,0.337517,0.0007203087938433037,0.0310835037595777,0.01893822577328395,0.19040983233840264,rs9272561,AD+T2D,True
rs9271107,6,32576604,5.62859e-12,0.28774900000000003,0.337717,0.0010691744887899126,0.0315255795715091,0.019343017538421402,0.19109449906380888,rs9272561,AD+T2D,True
rs9271108,6,32576633,5.56673e-12,0.28870049999999997,0.33772,0.0025716614084039338,0.0319097246979873,0.020174499382153953,0.19219615428905137,rs9272561,AD+T2D,True
rs9271109,6,32576687,6.165950000000002e-18,0.43179999999999996,0.27926,0.0016096438928572005,0.0410501702195133,0.02527395968885085,0.19770963765343302,rs9272561,AD+T2D,True
rs9271123,6,32576838,1.69824e-17,0.32989999999999997,0.27589,-0.42791792074999996,0.04118912868328595,0.024719986338543,0.10472240559372818,rs67433939,AD+T2D,True
rs9271127,6,32576887,1.62181e-17,0.33144999999999997,0.27598,-0.4282844257142856,0.0403230715752582,0.024200353230869248,0.10359353526551385,rs67433939,AD+T2D,True
rs9271129,6,32576889,1.12202e-17,0.4295,0.27545,-0.4283085159642856,0.040521183090060045,0.02431919546832175,0.10369098432092398,rs67433939,AD+T2D,True
rs9271130,6,32576894,4.3651600000000006e-34,0.52645,0.42203,-0.42741706757306386,0.0685082811162472,0.0413568082119513,0.12369685156939271,rs67433939,AD+T2D,True
rs9271146,6,32577282,6.44021e-12,0.2877525,0.337126,0.0013362296795333885,0.0315976868412358,0.01949310397655485,0.1913444244282116,rs9272561,AD+T2D,True
rs9271149,6,32577455,5.38642e-12,0.2870075,0.337531,0.0012003596193911582,0.0313528779539132,0.0192918706201044,0.1909291748779747,rs9272561,AD+T2D,True
rs9271153,6,32577549,8.60399e-12,0.28536,0.337527,0.0017203503416237098,0.03146015102243555,0.019564230750110802,0.19145096837214748,rs9272561,AD+T2D,True
rs9271156,6,32577590,8.37336e-12,0.28559599999999996,0.337419,0.0016668139083113054,0.0312675015574323,0.019427226497783848,0.19118832370643485,rs9272561,AD+T2D,True
rs9271162,6,32577715,5.49921e-12,0.28754599999999997,0.337442,0.001737532864593692,0.031793101097349896,0.0197708738042474,0.19169313809077348,rs9272561,AD+T2D,True
rs9271163,6,32577733,5.39014e-12,0.28781,0.337542,0.019488427622944903,0.03175372342049595,0.02684760510147555,0.19929003855314237,rs9272561,AD+T2D,True
rs9271164,6,32577784,5.47772e-12,0.2876065,0.337463,0.01510136158490325,0.031491940078769404,0.02493570868122295,0.19709276788474317,rs9272561,AD+T2D,True
rs9271165,6,32577785,5.47772e-12,0.2876065,0.337463,0.0119262086057327,0.03149381123225395,0.02366677018164545,0.1957264636388848,rs9272561,AD+T2D,True
rs9271172,6,32577975,5.52968e-12,0.2864105,0.337511,0.0069657479547625,0.0311605299080013,0.0214826171267058,0.19319441466905035,rs9272561,AD+T2D,True
rs9271173,6,32577981,5.47772e-12,0.2864565,0.337463,0.010722068173496541,0.03116935533796565,0.022990440472178,0.1948205025656652,rs9272561,AD+T2D,True
rs9271174,6,32578040,5.47268e-12,0.2870115,0.337464,0.025184793840750352,0.0315608159559774,0.029010407109886553,0.20152061232953855,rs9272561,AD+T2D,True
rs9271178,6,32578191,5.47772e-12,0.2871065,0.337463,0.002514942994641901,0.03156495686429,0.019944951316430752,0.19175475202603176,rs9272561,AD+T2D,True
rs9271179,6,32578196,5.47772e-12,0.2870565,0.337463,0.0016312284529752623,0.0315502923165987,0.0195826667711493,0.19135637277023543,rs9272561,AD+T2D,True
rs9271180,6,32578209,8.93305e-12,0.285856,0.342434,0.0027607486094372497,0.0320237695271179,0.0203185611600456,0.19258505094503664,rs9272561,AD+T2D,True
rs9271186,6,32578297,5.49288e-12,0.287752,0.337458,0.0016433983245973448,0.03151755650762785,0.0195678932344156,0.19132358584647724,rs9272561,AD+T2D,True
rs9271189,6,32578357,5.29785e-12,0.288207,0.337562,0.001510352393788305,0.03162695864705075,0.01958031614574575,0.19138358691986662,rs9272561,AD+T2D,True
rs9271192,6,32578530,5.23962e-12,0.288521,0.33803,0.019248827347526982,0.03180846210868225,0.02678460820422015,0.19924153283130897,rs9272561,AD+T2D,True
rs9271193,6,32578566,4.7698e-12,0.2889175,0.337852,0.002294981426504836,0.0317080577341539,0.01994282721109425,0.1917804105459257,rs9272561,AD+T2D,True
rs9271194,6,32578612,5.49035e-12,0.2882135,0.33767,0.002604985336564873,0.03173556606120245,0.020083333771347453,0.19199782565786133,rs9272561,AD+T2D,True
rs9271198,6,32578726,5.47772e-12,0.2894565,0.337463,0.0016918651329363048,0.0321299990546657,0.0199547454859739,0.19207375280761368,rs9272561,AD+T2D,True
rs9271199,6,32578735,5.47268e-12,0.2895615,0.337464,0.0036919326347525025,0.03213390629795895,0.02075711683267635,0.19294012237413546,rs9272561,AD+T2D,True
rs9271200,6,32578756,5.47268e-12,0.2893615,0.337464,0.002860480575964097,0.03211629486255605,0.02041396914791925,0.19256076760517038,rs9272561,AD+T2D,True
rs9271201,6,32578818,4.75445e-12,0.2897755,0.337759,0.002929904596077928,0.03196751708227485,0.020352472087796,0.1923622807912822,rs9272561,AD+T2D,True
rs9271202,6,32578837,5.33335e-12,0.28948050000000003,0.337412,0.0016922625166175755,0.0318507258472876,0.0197873405150196,0.19173124237964706,rs9272561,AD+T2D,True
rs9271205,6,32578941,8.71766e-12,0.286769,0.337583,0.0020247733609654937,0.031530773304855,0.019728373327299202,0.19167114016193143,rs9272561,AD+T2D,True
rs9271210,6,32579070,5.19757e-12,0.2907215,0.338071,0.005398164974231029,0.0320273085696501,0.0213756511314825,0.19352973290047737,rs9272561,AD+T2D,True
rs9271211,6,32579078,5.01765e-12,0.2901875,0.338089,0.0020239948967330943,0.031763255258409,0.019867551113738648,0.19174779739818018,rs9272561,AD+T2D,True
rs9271212,6,32579079,5.01765e-12,0.2902375,0.338089,0.017558035552831298,0.03176035581593085,0.026079427710691,0.19844210032707899,rs9270885,AD+T2D,True
rs9271240,6,32579833,6.12068e-12,0.28974,0.337909,0.0016740878504447716,0.03162442072985215,0.019644287578089198,0.1915034638097986,rs9272561,AD+T2D,True
rs9271241,6,32579870,6.64049e-12,0.28827,0.338857,0.0007435871398887851,0.03089685701955325,0.01883554906768745,0.19026440304442283,rs9272561,AD+T2D,True
rs9271242,6,32579940,7.32993e-12,0.28819649999999997,0.337641,0.0016028648291310128,0.03133810982629095,0.019444011827427,0.1911967217819731,rs9272561,AD+T2D,True
rs9271243,6,32579951,7.32993e-12,0.288193,0.337633,0.0017828890937013932,0.0313401345105104,0.019517236343786798,0.1912767377867014,rs9272561,AD+T2D,True
rs9271246,6,32580084,5.47268e-12,0.290862,0.337464,0.006188855660553272,0.031995569926784304,0.02167288422029185,0.1938513759928419,rs9272561,AD+T2D,True
rs9271247,6,32580112,5.47268e-12,0.289412,0.337464,0.001558819369326358,0.03139160581915665,0.019458491239224503,0.191135610788712,rs9272561,AD+T2D,True
rs9271248,6,32580157,5.66761e-12,0.2893065,0.337469,0.0015758914777900728,0.031410967345058896,0.01947693699815135,0.19117874486698344,rs9272561,AD+T2D,True
rs9271251,6,32580241,5.47394e-12,0.291412,0.337464,0.0019056908641240159,0.0322005627191687,0.02008261397715085,0.19224979085070026,rs9272561,AD+T2D,True
rs9271252,6,32580288,5.49667e-12,0.2911425,0.337512,0.0059460899035582515,0.0320665894233799,0.02161838961545125,0.19383302797260304,rs9272561,AD+T2D,True
rs9271257,6,32580444,5.47394e-12,0.290612,0.337463,0.0014802622064759186,0.031775412375849355,0.01965735230809995,0.1915594826912278,rs9272561,AD+T2D,True
rs9271258,6,32580446,5.47394e-12,0.290612,0.337463,0.0014068634058806687,0.031777718284574,0.01962937633309665,0.19153059629942443,rs9272561,AD+T2D,True
rs9271260,6,32580507,5.56801e-12,0.2913875,0.33751,0.0027065818476503666,0.03221558184083275,0.0204119818435598,0.1926190860017606,rs9272561,AD+T2D,True
rs9272561,6,32607141,3.80189e-20,0.3097,0.33985,-0.42832268414285574,0.0464859966912798,0.0279008425004827,0.10874032455083954,rs9272561,AD+T2D,True
rs9275152,6,32652196,2.176e-10,0.21100000000000002,0.091943,0.0079797308238551,0.03017390157318725,0.0212962332734544,0.194848804647144,rs9271192,AD+T2D,True
rs9275175,6,32654147,1.97834e-20,0.28520205000000004,0.256468,0.002975073453232,0.045106878205861504,0.0282541563048097,0.20107698419534367,rs72844190,AD+T2D,True
rs9275611,6,32683763,3.80189e-11,0.012950000000000003,0.1106,0.36981532082084206,0.033444756510845844,0.16799298223484435,0.3541001497017372,rs9275611,AD+T2D,True
rs9275614,6,32684257,7.94328e-11,0.0941,0.1118,0.050657715246643295,0.0321091930716656,0.0395286019416567,0.21422364769855956,rs9275611,AD+T2D,True
rs9275615,6,32684272,8.12831e-11,0.013150000000000002,0.1118,0.0505070864219948,0.032095818047968,0.039460325397578704,0.2141497291657819,rs9275611,AD+T2D,True
rs9275618,6,32684387,8.31764e-11,0.09395,0.1118,0.048699741307168046,0.0320178491271248,0.0386906059991421,0.21328517245181405,rs9275611,AD+T2D,True
rs9281921,6,32571663,1.09648e-17,0.42885,0.27548,-0.42828023764285716,0.0406329312954355,0.02438582429154695,0.1038217851037403,rs67433939,AD+T2D,True
rs9281945,6,32579904,3.67875e-12,0.1901265,0.339049,0.00317584617554745,0.03140706415681425,0.020114576964307553,0.19171147405943112,rs67433939,AD+T2D,True
rs9281946,6,32580344,5.47394e-12,0.187212,0.337463,-0.7711380352428572,0.031042354525190802,0.01862541271511445,0.023227758827277314,rs67433939,AD+T2D,True
